Crop,Crop Stage,Disease,Recommended Product,,,,,,,,,,,,,,,,,
Cotton,Germination Stage,Pythium rot,Metalaxyl (Ridomil Gold),,,,,,,,,,,,,,,,,
Cotton,Germination Stage,Bacterial wilt,Copper oxychloride (Blitox 50),,,,,,,,,,,,,,,,,
Cotton,Germination Stage,Fusarium wilt,Carbendazim (Bavistin),,,,,,,,,,,,,,,,,
Cotton,Germination Stage,Seed rot,Thiram + Carbendazim seed treatment,,,,,,,,,,,,,,,,,
Cotton,Germination Stage,Damping-off,Captan (Captaf),,,,,,,,,,,,,,,,,
Cotton,Germination Stage,Seedling blight,Consult local expert,,,,,,,,,,,,,,,,,
Cotton,Germination Stage,Root rot,Tebuconazole (Folicur),,,,,,,,,,,,,,,,,
Cotton,Germination Stage,Seed rot,Thiram + Carbendazim seed treatment,,,,,,,,,,,,,,,,,
Cotton,Germination Stage,Seed rot,Thiram + Carbendazim seed treatment,,,,,,,,,,,,,,,,,
Cotton,Germination Stage,Pythium rot,Metalaxyl (Ridomil Gold),,,,,,,,,,,,,,,,,
Cotton,Germination Stage,Pythium rot,Metalaxyl (Ridomil Gold),,,,,,,,,,,,,,,,,
Cotton,Germination Stage,Seed rot,Thiram + Carbendazim seed treatment,,,,,,,,,,,,,,,,,
Cotton,Germination Stage,Fusarium wilt,Carbendazim (Bavistin),,,,,,,,,,,,,,,,,
Cotton,Germination Stage,Bacterial wilt,Copper oxychloride (Blitox 50),,,,,,,,,,,,,,,,,
Cotton,Germination Stage,Damping-off,Captan (Captaf),,,,,,,,,,,,,,,,,
Cotton,Germination Stage,Fusarium wilt,Carbendazim (Bavistin),,,,,,,,,,,,,,,,,
Cotton,Germination Stage,Pythium rot,Metalaxyl (Ridomil Gold),,,,,,,,,,,,,,,,,
Cotton,Germination Stage,Seedling blight,Consult local expert,,,,,,,,,,,,,,,,,
Cotton,Germination Stage,Root rot,Tebuconazole (Folicur),,,,,,,,,,,,,,,,,
Cotton,Germination Stage,Damping-off,Captan (Captaf),,,,,,,,,,,,,,,,,
Cotton,Germination Stage,Damping-off,Captan (Captaf),,,,,,,,,,,,,,,,,
Cotton,Germination Stage,Fusarium wilt,Carbendazim (Bavistin),,,,,,,,,,,,,,,,,
Cotton,Germination Stage,Fusarium wilt,Carbendazim (Bavistin),,,,,,,,,,,,,,,,,
Cotton,Germination Stage,Seedling blight,Consult local expert,,,,,,,,,,,,,,,,,
Cotton,Germination Stage,Pythium rot,Metalaxyl (Ridomil Gold),,,,,,,,,,,,,,,,,
Cotton,Germination Stage,Damping-off,Captan (Captaf),,,,,,,,,,,,,,,,,
Cotton,Germination Stage,Bacterial wilt,Copper oxychloride (Blitox 50),,,,,,,,,,,,,,,,,
Cotton,Germination Stage,Pythium rot,Metalaxyl (Ridomil Gold),,,,,,,,,,,,,,,,,
Cotton,Germination Stage,Pythium rot,Metalaxyl (Ridomil Gold),,,,,,,,,,,,,,,,,
Cotton,Germination Stage,Damping-off,Captan (Captaf),,,,,,,,,,,,,,,,,
Cotton,Germination Stage,Seed rot,Thiram + Carbendazim seed treatment,,,,,,,,,,,,,,,,,
Cotton,Germination Stage,Damping-off,Captan (Captaf),,,,,,,,,,,,,,,,,
Cotton,Germination Stage,Fusarium wilt,Carbendazim (Bavistin),,,,,,,,,,,,,,,,,
Cotton,Germination Stage,Root rot,Tebuconazole (Folicur),,,,,,,,,,,,,,,,,
Cotton,Germination Stage,Bacterial wilt,Copper oxychloride (Blitox 50),,,,,,,,,,,,,,,,,
Cotton,Germination Stage,Pythium rot,Metalaxyl (Ridomil Gold),,,,,,,,,,,,,,,,,
Cotton,Germination Stage,Seedling blight,Consult local expert,,,,,,,,,,,,,,,,,
Cotton,Germination Stage,Seed rot,Thiram + Carbendazim seed treatment,,,,,,,,,,,,,,,,,
Cotton,Germination Stage,Damping-off,Captan (Captaf),,,,,,,,,,,,,,,,,.
Cotton,Germination Stage,Bacterial wilt,Copper oxychloride (Blitox 50),,,,,,,,,,,,,,,,,
Cotton,Germination Stage,Seedling blight,Consult local expert,,,,,,,,,,,,,,,,,
Cotton,Germination Stage,Fusarium wilt,Carbendazim (Bavistin),,,,,,,,,,,,,,,,,
Cotton,Germination Stage,Fusarium wilt,Carbendazim (Bavistin),,,,,,,,,,,,,,,,,
Cotton,Germination Stage,Root rot,Tebuconazole (Folicur),,,,,,,,,,,,,,,,,
Cotton,Germination Stage,Pythium rot,Metalaxyl (Ridomil Gold),,,,,,,,,,,,,,,,,
Cotton,Germination Stage,Bacterial wilt,Copper oxychloride (Blitox 50),,,,,,,,,,,,,,,,,
Cotton,Germination Stage,Pythium rot,Metalaxyl (Ridomil Gold),,,,,,,,,,,,,,,,,
Cotton,Germination Stage,Damping-off,Captan (Captaf),,,,,,,,,,,,,,,,,
Cotton,Germination Stage,Fusarium wilt,Carbendazim (Bavistin),,,,,,,,,,,,,,,,,
Cotton,Germination Stage,Pythium rot,Metalaxyl (Ridomil Gold),,,,,,,,,,,,,,,,,
Cotton,Germination Stage,Pythium rot,Metalaxyl (Ridomil Gold),,,,,,,,,,,,,,,,,
Cotton,Germination Stage,Bacterial wilt,Copper oxychloride (Blitox 50),,,,,,,,,,,,,,,,,
Cotton,Germination Stage,Seedling blight,Consult local expert,,,,,,,,,,,,,,,,,
Cotton,Germination Stage,Seedling blight,Consult local expert,,,,,,,,,,,,,,,,,
Cotton,Germination Stage,Damping-off,Captan (Captaf),,,,,,,,,,,,,,,,,
Cotton,Germination Stage,Seedling blight,Consult local expert,,,,,,,,,,,,,,,,,
Cotton,Germination Stage,Damping-off,Captan (Captaf),,,,,,,,,,,,,,,,,
Cotton,Germination Stage,Bacterial wilt,Copper oxychloride (Blitox 50),,,,,,,,,,,,,,,,,
Cotton,Germination Stage,Bacterial wilt,Copper oxychloride (Blitox 50),,,,,,,,,,,,,,,,,
Cotton,Germination Stage,Root rot,Tebuconazole (Folicur),,,,,,,,,,,,,,,,,
Cotton,Germination Stage,Seedling blight,Consult local expert,,,,,,,,,,,,,,,,,
Cotton,Germination Stage,Fusarium wilt,Carbendazim (Bavistin),,,,,,,,,,,,,,,,,
Cotton,Germination Stage,Seedling blight,Consult local expert,,,,,,,,,,,,,,,,,
Cotton,Germination Stage,Damping-off,Captan (Captaf),,,,,,,,,,,,,,,,,
Cotton,Germination Stage,Seed rot,Thiram + Carbendazim seed treatment,,,,,,,,,,,,,,,,,
Cotton,Germination Stage,Seed rot,Thiram + Carbendazim seed treatment,,,,,,,,,,,,,,,,,
Cotton,Germination Stage,Seedling blight,Consult local expert,,,,,,,,,,,,,,,,,
Cotton,Germination Stage,Damping-off,Captan (Captaf),,,,,,,,,,,,,,,,,
Cotton,Germination Stage,Root rot,Tebuconazole (Folicur),,,,,,,,,,,,,,,,,
Cotton,Germination Stage,Damping-off,Captan (Captaf),,,,,,,,,,,,,,,,,
Cotton,Germination Stage,Seed rot,Thiram + Carbendazim seed treatment,,,,,,,,,,,,,,,,,
Cotton,Germination Stage,Pythium rot,Metalaxyl (Ridomil Gold),,,,,,,,,,,,,,,,,
Cotton,Germination Stage,Seed rot,Thiram + Carbendazim seed treatment,,,,,,,,,,,,,,,,,
Cotton,Germination Stage,Root rot,Tebuconazole (Folicur),,,,,,,,,,,,,,,,,
Cotton,Germination Stage,Fusarium wilt,Carbendazim (Bavistin),,,,,,,,,,,,,,,,,
Cotton,Germination Stage,Root rot,Tebuconazole (Folicur),,,,,,,,,,,,,,,,,
Cotton,Germination Stage,Fusarium wilt,Carbendazim (Bavistin),,,,,,,,,,,,,,,,,
Cotton,Germination Stage,Seed rot,Thiram + Carbendazim seed treatment,,,,,,,,,,,,,,,,,
Cotton,Germination Stage,Seedling blight,Consult local expert,,,,,,,,,,,,,,,,,
Cotton,Germination Stage,Seedling blight,Consult local expert,,,,,,,,,,,,,,,,,
Cotton,Germination Stage,Root rot,Tebuconazole (Folicur),,,,,,,,,,,,,,,,,
Cotton,Germination Stage,Root rot,Tebuconazole (Folicur),,,,,,,,,,,,,,,,,
Cotton,Germination Stage,Pythium rot,Metalaxyl (Ridomil Gold),,,,,,,,,,,,,,,,,
Cotton,Germination Stage,Bacterial wilt,Copper oxychloride (Blitox 50),,,,,,.,,,,,,,,,,,
Cotton,Germination Stage,Root rot,Tebuconazole (Folicur),,,,,,,,,,,,,,,,,
Cotton,Germination Stage,Root rot,Tebuconazole (Folicur),,,,,,,,,,,,,,,,,
Cotton,Germination Stage,Pythium rot,Metalaxyl (Ridomil Gold),,,,,,,,,,,,,,,,,
Cotton,Germination Stage,Pythium rot,Metalaxyl (Ridomil Gold),,,,,,,,,,,,,,,,,
Cotton,Germination Stage,Pythium rot,Metalaxyl (Ridomil Gold),,,,,,,,,,,,,,,,,
Cotton,Germination Stage,Root rot,Tebuconazole (Folicur),,,,,,,,,,,,,,,,,
Cotton,Germination Stage,Seedling blight,Consult local expert,,,,,,,,,,,,,,,,,
Cotton,Germination Stage,Pythium rot,Metalaxyl (Ridomil Gold),,,,,,,,,,,,,,,,,
Cotton,Germination Stage,Root rot,Tebuconazole (Folicur),,,,,,,,,,,,,,,,,
Cotton,Germination Stage,Pythium rot,Metalaxyl (Ridomil Gold),,,,,,,,,,,,,,,,,
Cotton,Germination Stage,Pythium rot,Metalaxyl (Ridomil Gold),,,,,,,,,,,,,,,,,
Cotton,Germination Stage,Damping-off,Captan (Captaf),,,,,,,,,,,,,,,,,
Cotton,Germination Stage,Seedling blight,Consult local expert,,,,,,,,,,,,,,,,,
Cotton,Germination Stage,Seedling blight,Consult local expert,,,,,,,,,,,,,,,,,
Cotton,Germination Stage,Pythium rot,Metalaxyl (Ridomil Gold),,,,,,,,,,,,,,,,,
Cotton,Germination Stage,Seed rot,Thiram + Carbendazim seed treatment,,,,,,,,,,,,,,,,,
Cotton,Germination Stage,Bacterial wilt,Copper oxychloride (Blitox 50),,,,,,,,,,,,,,,,,
Cotton,Germination Stage,Root rot,Tebuconazole (Folicur),,,,,,,,,,,,,,,,,
Cotton,Germination Stage,Fusarium wilt,Carbendazim (Bavistin),,,,,,,,,,,,,,,,,
Cotton,Germination Stage,Root rot,Tebuconazole (Folicur),,,,,,,,,,,,,,,,,
Cotton,Germination Stage,Fusarium wilt,Carbendazim (Bavistin),,,,,,,,,,,,,,,,,
Cotton,Germination Stage,Bacterial wilt,Copper oxychloride (Blitox 50),,,,,,,,,,,,,,,,,
Cotton,Germination Stage,Fusarium wilt,Carbendazim (Bavistin),,,,,,,,,,,,,,,,,
Cotton,Germination Stage,Seedling blight,Consult local expert,,,,,,,,,,,,,,,,,
Cotton,Germination Stage,Bacterial wilt,Copper oxychloride (Blitox 50),,,,,,,,,,,,,,,,,
Cotton,Germination Stage,Bacterial wilt,Copper oxychloride (Blitox 50),,,,,,,,,,,,,,,,,
Cotton,Germination Stage,Damping-off,Captan (Captaf),,,,,,,,,,,,,,,,,
Cotton,Germination Stage,Fusarium wilt,Carbendazim (Bavistin),,,,,,,,,,,,,,,,,
Cotton,Germination Stage,Damping-off,Captan (Captaf),,,,,,,,,,,,,,,,,
Cotton,Germination Stage,Seed rot,Thiram + Carbendazim seed treatment,,,,,,,,,,,,,,,,,
Cotton,Germination Stage,Seed rot,Thiram + Carbendazim seed treatment,,,,,,,,,,,,,,,,,
Cotton,Germination Stage,Seedling blight,Consult local expert,,,,,,,,,,,,,,,,,
Cotton,Germination Stage,Pythium rot,Metalaxyl (Ridomil Gold),,,,,,,,,,,,,,,,,
Cotton,Germination Stage,Bacterial wilt,Copper oxychloride (Blitox 50),,,,,,,,,,,,,,,,,
Cotton,Germination Stage,Pythium rot,Metalaxyl (Ridomil Gold),,,,,,,,,,,,,,,,,
Cotton,Germination Stage,Seed rot,Thiram + Carbendazim seed treatment,,,,,,,,,,,,,,,,,
Cotton,Germination Stage,Damping-off,Captan (Captaf),,,,,,,,,,,,,,,,,
Cotton,Germination Stage,Damping-off,Captan (Captaf),,,,,,,,,,,,,,,,,
Cotton,Germination Stage,Seed rot,Thiram + Carbendazim seed treatment,,,,,,,,,,,,,,,,,
Cotton,Germination Stage,Bacterial wilt,Copper oxychloride (Blitox 50),,,,,,,,,,,,,,,,,
Cotton,Germination Stage,Seed rot,Thiram + Carbendazim seed treatment,,,,,,,,,,,,,,,,,
Cotton,Germination Stage,Seedling blight,Consult local expert,,,,,,,,,,,,,,,,,
Cotton,Germination Stage,Fusarium wilt,Carbendazim (Bavistin),,,,,,,,,,,,,,,,,
Cotton,Germination Stage,Damping-off,Captan (Captaf),,,,,,,,,,,,,,,,,
Cotton,Germination Stage,Damping-off,Captan (Captaf),,,,,,,,,,,,,,,,,
Cotton,Germination Stage,Bacterial wilt,Copper oxychloride (Blitox 50),,,,,,,,,,,,,,,,,
Cotton,Germination Stage,Fusarium wilt,Carbendazim (Bavistin),,,,,,,,,,,,,,,,,
Cotton,Germination Stage,Seedling blight,Consult local expert,,,,,,,,,,,,,,,,,
Cotton,Germination Stage,Seedling blight,Consult local expert,,,,,,,,,,,,,,,,,
Cotton,Germination Stage,Root rot,Tebuconazole (Folicur),,,,,,,,,,,,,,,,,
Cotton,Germination Stage,Seedling blight,Consult local expert,,,,,,,,,,,,,,,,,
Cotton,Germination Stage,Seedling blight,Consult local expert,,,,,,,,,,,,,,,,,
Cotton,Germination Stage,Root rot,Tebuconazole (Folicur),,,,,,,,,,,,,,,,,
Cotton,Germination Stage,Root rot,Tebuconazole (Folicur),,,,,,,,,,,,,,,,,
Cotton,Germination Stage,Seedling blight,Consult local expert,,,,,,,,,,,,,,,,,
Cotton,Germination Stage,Pythium rot,Metalaxyl (Ridomil Gold),,,,,,,,,,,,,,,,,
Cotton,Germination Stage,Damping-off,Captan (Captaf),,,,,,,,,,,,,,,,,
Cotton,Germination Stage,Bacterial wilt,Copper oxychloride (Blitox 50),,,,,,,,,,,,,,,,,
Cotton,Germination Stage,Seed rot,Thiram + Carbendazim seed treatment,,,,,,,,,,,,,,,,,
Cotton,Germination Stage,Damping-off,Captan (Captaf),,,,,,,,,,,,,,,,,
Cotton,Germination Stage,Seed rot,Thiram + Carbendazim seed treatment,,,,,,,,,,,,,,,,,
Cotton,Germination Stage,Damping-off,Captan (Captaf),,,,,,,,,,,,,,,,,
Cotton,Germination Stage,Bacterial wilt,Copper oxychloride (Blitox 50),,,,,,,,,,,,,,,,,
Cotton,Germination Stage,Fusarium wilt,Carbendazim (Bavistin),,,,,,,,,,,,,,,,,
Cotton,Germination Stage,Root rot,Tebuconazole (Folicur),,,,,,,,,,,,,,,,,
Cotton,Germination Stage,Bacterial wilt,Copper oxychloride (Blitox 50),,,,,,,,,,,,,,,,,
Cotton,Germination Stage,Seedling blight,Consult local expert,,,,,,,,,,,,,,,,,
Cotton,Germination Stage,Fusarium wilt,Carbendazim (Bavistin),,,,,,,,,,,,,,,,,
Cotton,Germination Stage,Fusarium wilt,Carbendazim (Bavistin),,,,,,,,,,,,,,,,,
Cotton,Germination Stage,Pythium rot,Metalaxyl (Ridomil Gold),,,,,,,,,,,,,,,,,
Cotton,Germination Stage,Damping-off,Captan (Captaf),,,,,,,,,,,,,,,,,
Cotton,Germination Stage,Bacterial wilt,Copper oxychloride (Blitox 50),,,,,,,,,,,,,,,,,
Cotton,Germination Stage,Damping-off,Captan (Captaf),,,,,,,,,,,,,,,,,
Cotton,Germination Stage,Seed rot,Thiram + Carbendazim seed treatment,,,,,,,,,,,,,,,,,
Cotton,Germination Stage,Root rot,Tebuconazole (Folicur),,,,,,,,,,,,,,,,,
Cotton,Germination Stage,Pythium rot,Metalaxyl (Ridomil Gold),,,,,,,,,,,,,,,,,
Cotton,Germination Stage,Root rot,Tebuconazole (Folicur),,,,,,,,,,,,,,,,,
Cotton,Germination Stage,Seedling blight,Consult local expert,,,,,,,,,,,,,,,,,
Cotton,Germination Stage,Seedling blight,Consult local expert,,,,,,,,,,,,,,,,,
Cotton,Germination Stage,Seed rot,Thiram + Carbendazim seed treatment,,,,,,,,,,,,,,,,,
Cotton,Germination Stage,Seedling blight,Consult local expert,,,,,,,,,,,,,,,,,
Cotton,Germination Stage,Seed rot,Thiram + Carbendazim seed treatment,,,,,,,,,,,,,,,,,
Cotton,Germination Stage,Bacterial wilt,Copper oxychloride (Blitox 50),,,,,,,,,,,,,,,,,
Cotton,Germination Stage,Pythium rot,Metalaxyl (Ridomil Gold),,,,,,,,,,,,,,,,,
Cotton,Germination Stage,Seed rot,Thiram + Carbendazim seed treatment,,,,,,,,,,,,,,,,,
Cotton,Germination Stage,Seed rot,Thiram + Carbendazim seed treatment,,,,,,,,,,,,,,,,,
Cotton,Germination Stage,Bacterial wilt,Copper oxychloride (Blitox 50),,,,,,,,,,,,,,,,,
Cotton,Germination Stage,Root rot,Tebuconazole (Folicur),,,,,,,,,,,,,,,,,
Cotton,Germination Stage,Bacterial wilt,Copper oxychloride (Blitox 50),,,,,,,,,,,,,,,,,
Cotton,Germination Stage,Seed rot,Thiram + Carbendazim seed treatment,,,,,,,,,,,,,,,,,
Cotton,Germination Stage,Bacterial wilt,Copper oxychloride (Blitox 50),,,,,,,,,,,,,,,,,
Cotton,Germination Stage,Seedling blight,Consult local expert,,,,,,,,,,,,,,,,,
Cotton,Germination Stage,Damping-off,Captan (Captaf),,,,,,,,,,,,,,,,,
Cotton,Germination Stage,Bacterial wilt,Copper oxychloride (Blitox 50),,,,,,,,,,,,,,,,,
Cotton,Germination Stage,Pythium rot,Metalaxyl (Ridomil Gold),,,,,,,,,,,,,,,,,
Cotton,Germination Stage,Fusarium wilt,Carbendazim (Bavistin),,,,,,,,,,,,,,,,,
Cotton,Germination Stage,Pythium rot,Metalaxyl (Ridomil Gold),,,,,,,,,,,,,,,,,
Cotton,Germination Stage,Damping-off,Captan (Captaf),,,,,,,,,,,,,,,,,
Cotton,Germination Stage,Seedling blight,Consult local expert,,,,,,,,,,,,,,,,,
Cotton,Germination Stage,Pythium rot,Metalaxyl (Ridomil Gold),,,,,,,,,,,,,,,,,
Cotton,Germination Stage,Seed rot,Thiram + Carbendazim seed treatment,,,,,,,,,,,,,,,,,
Cotton,Germination Stage,Seed rot,Thiram + Carbendazim seed treatment,,,,,,,,,,,,,,,,,
Cotton,Germination Stage,Damping-off,Captan (Captaf),,,,,,,,,,,,,,,,,
Cotton,Germination Stage,Damping-off,Captan (Captaf),,,,,,,,,,,,,,,,,
Cotton,Germination Stage,Seedling blight,Consult local expert,,,,,,,,,,,,,,,,,
Cotton,Germination Stage,Bacterial wilt,Copper oxychloride (Blitox 50),,,,,,,,,,,,,,,,,
Cotton,Germination Stage,Bacterial wilt,Copper oxychloride (Blitox 50),,,,,,,,,,,,,,,,,
Cotton,Germination Stage,Seedling blight,Consult local expert,,,,,,,,,,,,,,,,,
Cotton,Germination Stage,Root rot,Tebuconazole (Folicur),,,,,,,,,,,,,,,,,
Cotton,Germination Stage,Seedling blight,Consult local expert,,,,,,,,,,,,,,,,,
Cotton,Germination Stage,Root rot,Tebuconazole (Folicur),,,,,,,,,,,,,,,,,
Cotton,Germination Stage,Pythium rot,Metalaxyl (Ridomil Gold),,,,,,,,,,,,,,,,,
Cotton,Germination Stage,Damping-off,Captan (Captaf),,,,,,,,,,,,,,,,,
Cotton,Germination Stage,Damping-off,Captan (Captaf),,,,,,,,,,,,,,,,,
Cotton,Germination Stage,Seedling blight,Consult local expert,,,,,,,,,,,,,,,,,
Cotton,Germination Stage,Fusarium wilt,Carbendazim (Bavistin),,,,,,,,,,,,,,,,,
Cotton,Seedling Establishment and Vegetative Growth,Leaf curl virus,Consult local expert,,,,,,,,,,,,,,,,,
Cotton,Seedling Establishment and Vegetative Growth,Stem canker,Consult local expert,,,,,,,,,,,,,,,,,
Cotton,Seedling Establishment and Vegetative Growth,Cercospora leaf spot,Consult local expert,,,,,,,,,,,,,,,,,
Cotton,Seedling Establishment and Vegetative Growth,Leaf curl virus,Consult local expert,,,,,,,,,,,,,,,,,
Cotton,Seedling Establishment and Vegetative Growth,Alternaria leaf spot,Zineb (Dithane Z-78),,,,,,,,,,,,,,,,,
Cotton,Seedling Establishment and Vegetative Growth,Stem canker,Consult local expert,,,,,,,,,,,,,,,,,
Cotton,Seedling Establishment and Vegetative Growth,Cercospora leaf spot,Consult local expert,,,,,,,,,,,,,,,,,
Cotton,Seedling Establishment and Vegetative Growth,Leaf curl virus,Consult local expert,,,,,,,,,,,,,,,,,
Cotton,Seedling Establishment and Vegetative Growth,Anthracnose,Mancozeb (Dithane M-45),,,,,,,,,,,,,,,,,
Cotton,Seedling Establishment and Vegetative Growth,Anthracnose,Mancozeb (Dithane M-45),,,,,,,,,,,,,,,,,
Cotton,Seedling Establishment and Vegetative Growth,Anthracnose,Mancozeb (Dithane M-45),,,,,,,,,,,,,,,,,
Cotton,Seedling Establishment and Vegetative Growth,Alternaria leaf spot,Zineb (Dithane Z-78),,,,,,,,,,,,,,,,,
Cotton,Seedling Establishment and Vegetative Growth,Gray mildew,Consult local expert,,,,,,,,,,,,,,,,,
Cotton,Seedling Establishment and Vegetative Growth,Anthracnose,Mancozeb (Dithane M-45),,,,,,,,,,,,,,,,,
Cotton,Seedling Establishment and Vegetative Growth,Leaf curl virus,Consult local expert,,,,,,,,,,,,,,,,,
Cotton,Seedling Establishment and Vegetative Growth,Gray mildew,Consult local expert,,,,,,,,,,,,,,,,,
Cotton,Seedling Establishment and Vegetative Growth,Stem canker,Consult local expert,,,,,,,,,,,,,,,,,
Cotton,Seedling Establishment and Vegetative Growth,Stem canker,Consult local expert,,,,,,,,,,,,,,,,,
Cotton,Seedling Establishment and Vegetative Growth,Alternaria leaf spot,Zineb (Dithane Z-78),,,,,,,,,,,,,,,,,
Cotton,Seedling Establishment and Vegetative Growth,Anthracnose,Mancozeb (Dithane M-45),,,,,,,,,,,,,,,,,
Cotton,Seedling Establishment and Vegetative Growth,Gray mildew,Consult local expert,,,,,,,,,,,,,,,,,
Cotton,Seedling Establishment and Vegetative Growth,Leaf curl virus,Consult local expert,,,,,,,,,,,,,,,,,
Cotton,Seedling Establishment and Vegetative Growth,Cercospora leaf spot,Consult local expert,,,,,,,,,,,,,,,,,
Cotton,Seedling Establishment and Vegetative Growth,Leaf curl virus,Consult local expert,,,,,,,,,,,,,,,,,
Cotton,Seedling Establishment and Vegetative Growth,Gray mildew,Consult local expert,,,,,,,,,,,,,,,,,
Cotton,Seedling Establishment and Vegetative Growth,Bacterial blight,Consult local expert,,,,,,,,,,,,,,,,,
Cotton,Seedling Establishment and Vegetative Growth,Stem canker,Consult local expert,,,,,,,,,,,,,,,,,
Cotton,Seedling Establishment and Vegetative Growth,Leaf curl virus,Consult local expert,,,,,,,,,,,,,,,,,
Cotton,Seedling Establishment and Vegetative Growth,Cercospora leaf spot,Consult local expert,,,,,,,,,,,,,,,,,
Cotton,Seedling Establishment and Vegetative Growth,Gray mildew,Consult local expert,,,,,,,,,,,,,,,,,
Cotton,Seedling Establishment and Vegetative Growth,Anthracnose,Mancozeb (Dithane M-45),,,,,,,,,,,,,,,,,
Cotton,Seedling Establishment and Vegetative Growth,Leaf curl virus,Consult local expert,,,,,,,,,,,,,,,,,
Cotton,Seedling Establishment and Vegetative Growth,Bacterial blight,Consult local expert,,,,,,,,,,,,,,,,,
Cotton,Seedling Establishment and Vegetative Growth,Leaf curl virus,Consult local expert,,,,,,,,,,,,,,,,,
Cotton,Seedling Establishment and Vegetative Growth,Alternaria leaf spot,Zineb (Dithane Z-78),,,,,,,,,,,,,,,,,
Cotton,Seedling Establishment and Vegetative Growth,Cercospora leaf spot,Consult local expert,,,,,,,,,,,,,,,,,
Cotton,Seedling Establishment and Vegetative Growth,Anthracnose,Mancozeb (Dithane M-45),,,,,,,,,,,,,,,,,
Cotton,Seedling Establishment and Vegetative Growth,Anthracnose,Mancozeb (Dithane M-45),,,,,,,,,,,,,,,,,
Cotton,Seedling Establishment and Vegetative Growth,Bacterial blight,Consult local expert,,,,,,,,,,,,,,,,,
Cotton,Seedling Establishment and Vegetative Growth,Stem canker,Consult local expert,,,,,,,,,,,,,,,,,
Cotton,Seedling Establishment and Vegetative Growth,Leaf curl virus,Consult local expert,,,,,,,,,,,,,,,,,
Cotton,Seedling Establishment and Vegetative Growth,Alternaria leaf spot,Zineb (Dithane Z-78),,,,,,,,,,,,,,,,,
Cotton,Seedling Establishment and Vegetative Growth,Cercospora leaf spot,Consult local expert,,,,,,,,,,,,,,,,,
Cotton,Seedling Establishment and Vegetative Growth,Cercospora leaf spot,Consult local expert,,,,,,,,,,,,,,,,,
Cotton,Seedling Establishment and Vegetative Growth,Bacterial blight,Consult local expert,,,,,,,,,,,,,,,,,
Cotton,Seedling Establishment and Vegetative Growth,Gray mildew,Consult local expert,,,,,,,,,,,,,,,,,
Cotton,Seedling Establishment and Vegetative Growth,Alternaria leaf spot,Zineb (Dithane Z-78),,,,,,,,,,,,,,,,,
Cotton,Seedling Establishment and Vegetative Growth,Stem canker,Consult local expert,,,,,,,,,,,,,,,,,
Cotton,Seedling Establishment and Vegetative Growth,Leaf curl virus,Consult local expert,,,,,,,,,,,,,,,,,
Cotton,Seedling Establishment and Vegetative Growth,Bacterial blight,Consult local expert,,,,,,,,,,,,,,,,,
Cotton,Seedling Establishment and Vegetative Growth,Gray mildew,Consult local expert,,,,,,,,,,,,,,,,,
Cotton,Seedling Establishment and Vegetative Growth,Bacterial blight,Consult local expert,,,,,,,,,,,,,,,,,
Cotton,Seedling Establishment and Vegetative Growth,Stem canker,Consult local expert,,,,,,,,,,,,,,,,,
Cotton,Seedling Establishment and Vegetative Growth,Alternaria leaf spot,Zineb (Dithane Z-78),,,,,,,,,,,,,,,,,
Cotton,Seedling Establishment and Vegetative Growth,Leaf curl virus,Consult local expert,,,,,,,,,,,,,,,,,
Cotton,Seedling Establishment and Vegetative Growth,Gray mildew,Consult local expert,,,,,,,,,,,,,,,,,
Cotton,Seedling Establishment and Vegetative Growth,Cercospora leaf spot,Consult local expert,,,,,,,,,,,,,,,,,
Cotton,Seedling Establishment and Vegetative Growth,Anthracnose,Mancozeb (Dithane M-45),,,,,,,,,,,,,,,,,
Cotton,Seedling Establishment and Vegetative Growth,Bacterial blight,Consult local expert,,,,,,,,,,,,,,,,,
Cotton,Seedling Establishment and Vegetative Growth,Anthracnose,Mancozeb (Dithane M-45),,,,,,,,,,,,,,,,,
Cotton,Seedling Establishment and Vegetative Growth,Stem canker,Consult local expert,,,,,,,,,,,,,,,,,
Cotton,Seedling Establishment and Vegetative Growth,Cercospora leaf spot,Consult local expert,,,,,,,,,,,,,,,,,
Cotton,Seedling Establishment and Vegetative Growth,Stem canker,Consult local expert,,,,,,,,,,,,,,,,,
Cotton,Seedling Establishment and Vegetative Growth,Anthracnose,Mancozeb (Dithane M-45),,,,,,,,,,,,,,,,,
Cotton,Seedling Establishment and Vegetative Growth,Stem canker,Consult local expert,,,,,,,,,,,,,,,,,
Cotton,Seedling Establishment and Vegetative Growth,Bacterial blight,Consult local expert,,,,,,,,,,,,,,,,,
Cotton,Seedling Establishment and Vegetative Growth,Alternaria leaf spot,Zineb (Dithane Z-78),,,,,,,,,,,,,,,,,
Cotton,Seedling Establishment and Vegetative Growth,Alternaria leaf spot,Zineb (Dithane Z-78),,,,,,,,,,,,,,,,,
Cotton,Seedling Establishment and Vegetative Growth,Leaf curl virus,Consult local expert,,,,,,,,,,,,,,,,,
Cotton,Seedling Establishment and Vegetative Growth,Gray mildew,Consult local expert,,,,,,,,,,,,,,,,,
Cotton,Seedling Establishment and Vegetative Growth,Bacterial blight,Consult local expert,,,,,,,,,,,,,,,,,
Cotton,Seedling Establishment and Vegetative Growth,Gray mildew,Consult local expert,,,,,,,,,,,,,,,,,
Cotton,Seedling Establishment and Vegetative Growth,Stem canker,Consult local expert,,,,,,,,,,,,,,,,,
Cotton,Seedling Establishment and Vegetative Growth,Gray mildew,Consult local expert,,,,,,,,,,,,,,,,,
Cotton,Seedling Establishment and Vegetative Growth,Bacterial blight,Consult local expert,,,,,,,,,,,,,,,,,
Cotton,Seedling Establishment and Vegetative Growth,Stem canker,Consult local expert,,,,,,,,,,,,,,,,,
Cotton,Seedling Establishment and Vegetative Growth,Anthracnose,Mancozeb (Dithane M-45),,,,,,,,,,,,,,,,,
Cotton,Seedling Establishment and Vegetative Growth,Stem canker,Consult local expert,,,,,,,,,,,,,,,,,
Cotton,Seedling Establishment and Vegetative Growth,Cercospora leaf spot,Consult local expert,,,,,,,,,,,,,,,,,
Cotton,Seedling Establishment and Vegetative Growth,Stem canker,Consult local expert,,,,,,,,,,,,,,,,,
Cotton,Seedling Establishment and Vegetative Growth,Cercospora leaf spot,Consult local expert,,,,,,,,,,,,,,,,,
Cotton,Seedling Establishment and Vegetative Growth,Anthracnose,Mancozeb (Dithane M-45),,,,,,,,,,,,,,,,,
Cotton,Seedling Establishment and Vegetative Growth,Cercospora leaf spot,Consult local expert,,,,,,,,,,,,,,,,,
Cotton,Seedling Establishment and Vegetative Growth,Alternaria leaf spot,Zineb (Dithane Z-78),,,,,,,,,,,,,,,,,
Cotton,Seedling Establishment and Vegetative Growth,Alternaria leaf spot,Zineb (Dithane Z-78),,,,,,,,,,,,,,,,,
Cotton,Seedling Establishment and Vegetative Growth,Leaf curl virus,Consult local expert,,,,,,,,,,,,,,,,,
Cotton,Seedling Establishment and Vegetative Growth,Anthracnose,Mancozeb (Dithane M-45),,,,,,,,,,,,,,,,,
Cotton,Seedling Establishment and Vegetative Growth,Cercospora leaf spot,Consult local expert,,,,,,,,,,,,,,,,,
Cotton,Seedling Establishment and Vegetative Growth,Leaf curl virus,Consult local expert,,,,,,,,,,,,,,,,,
Cotton,Seedling Establishment and Vegetative Growth,Alternaria leaf spot,Zineb (Dithane Z-78),,,,,,,,,,,,,,,,,
Cotton,Seedling Establishment and Vegetative Growth,Leaf curl virus,Consult local expert,,,,,,,,,,,,,,,,,
Cotton,Seedling Establishment and Vegetative Growth,Alternaria leaf spot,Zineb (Dithane Z-78),,,,,,,,,,,,,,,,,
Cotton,Seedling Establishment and Vegetative Growth,Bacterial blight,Consult local expert,,,,,,,,,,,,,,,,,
Cotton,Seedling Establishment and Vegetative Growth,Alternaria leaf spot,Zineb (Dithane Z-78),,,,,,,,,,,,,,,,,
Cotton,Seedling Establishment and Vegetative Growth,Leaf curl virus,Consult local expert,,,,,,,,,,,,,,,,,
Cotton,Seedling Establishment and Vegetative Growth,Stem canker,Consult local expert,,,,,,,,,,,,,,,,,
Cotton,Seedling Establishment and Vegetative Growth,Alternaria leaf spot,Zineb (Dithane Z-78),,,,,,,,,,,,,,,,,
Cotton,Seedling Establishment and Vegetative Growth,Leaf curl virus,Consult local expert,,,,,,,,,,,,,,,,,
Cotton,Seedling Establishment and Vegetative Growth,Anthracnose,Mancozeb (Dithane M-45),,,,,,,,,,,,,,,,,
Cotton,Seedling Establishment and Vegetative Growth,Cercospora leaf spot,Consult local expert,,,,,,,,,,,,,,,,,
Cotton,Seedling Establishment and Vegetative Growth,Anthracnose,Mancozeb (Dithane M-45),,,,,,,,,,,,,,,,,
Cotton,Seedling Establishment and Vegetative Growth,Anthracnose,Mancozeb (Dithane M-45),,,,,,,,,,,,,,,,,
Cotton,Seedling Establishment and Vegetative Growth,Leaf curl virus,Consult local expert,,,,,,,,,,,,,,,,,
Cotton,Seedling Establishment and Vegetative Growth,Stem canker,Consult local expert,,,,,,,,,,,,,,,,,
Cotton,Seedling Establishment and Vegetative Growth,Stem canker,Consult local expert,,,,,,,,,,,,,,,,,
Cotton,Seedling Establishment and Vegetative Growth,Cercospora leaf spot,Consult local expert,,,,,,,,,,,,,,,,,
Cotton,Seedling Establishment and Vegetative Growth,Cercospora leaf spot,Consult local expert,,,,,,,,,,,,,,,,,
Cotton,Seedling Establishment and Vegetative Growth,Leaf curl virus,Consult local expert,,,,,,,,,,,,,,,,,
Cotton,Seedling Establishment and Vegetative Growth,Gray mildew,Consult local expert,,,,,,,,,,,,,,,,,
Cotton,Seedling Establishment and Vegetative Growth,Gray mildew,Consult local expert,,,,,,,,,,,,,,,,,
Cotton,Seedling Establishment and Vegetative Growth,Leaf curl virus,Consult local expert,,,,,,,,,,,,,,,,,
Cotton,Seedling Establishment and Vegetative Growth,Alternaria leaf spot,Zineb (Dithane Z-78),,,,,,,,,,,,,,,,,
Cotton,Seedling Establishment and Vegetative Growth,Cercospora leaf spot,Consult local expert,,,,,,,,,,,,,,,,,
Cotton,Seedling Establishment and Vegetative Growth,Stem canker,Consult local expert,,,,,,,,,,,,,,,,,
Cotton,Seedling Establishment and Vegetative Growth,Cercospora leaf spot,Consult local expert,,,,,,,,,,,,,,,,,
Cotton,Seedling Establishment and Vegetative Growth,Stem canker,Consult local expert,,,,,,,,,,,,,,,,,
Cotton,Seedling Establishment and Vegetative Growth,Gray mildew,Consult local expert,,,,,,,,,,,,,,,,,
Cotton,Seedling Establishment and Vegetative Growth,Anthracnose,Mancozeb (Dithane M-45),,,,,,,,,,,,,,,,,
Cotton,Seedling Establishment and Vegetative Growth,Anthracnose,Mancozeb (Dithane M-45),,,,,,,,,,,,,,,,,
Cotton,Seedling Establishment and Vegetative Growth,Bacterial blight,Consult local expert,,,,,,,,,,,,,,,,,
Cotton,Seedling Establishment and Vegetative Growth,Gray mildew,Consult local expert,,,,,,,,,,,,,,,,,
Cotton,Seedling Establishment and Vegetative Growth,Alternaria leaf spot,Zineb (Dithane Z-78),,,,,,,,,,,,,,,,,
Cotton,Seedling Establishment and Vegetative Growth,Cercospora leaf spot,Consult local expert,,,,,,,,,,,,,,,,,
Cotton,Seedling Establishment and Vegetative Growth,Cercospora leaf spot,Consult local expert,,,,,,,,,,,,,,,,,
Cotton,Seedling Establishment and Vegetative Growth,Gray mildew,Consult local expert,,,,,,,,,,,,,,,,,
Cotton,Seedling Establishment and Vegetative Growth,Leaf curl virus,Consult local expert,,,,,,,,,,,,,,,,,
Cotton,Seedling Establishment and Vegetative Growth,Anthracnose,Mancozeb (Dithane M-45),,,,,,,,,,,,,,,,,
Cotton,Seedling Establishment and Vegetative Growth,Leaf curl virus,Consult local expert,,,,,,,,,,,,,,,,,
Cotton,Seedling Establishment and Vegetative Growth,Gray mildew,Consult local expert,,,,,,,,,,,,,,,,,
Cotton,Seedling Establishment and Vegetative Growth,Bacterial blight,Consult local expert,,,,,,,,,,,,,,,,,
Cotton,Seedling Establishment and Vegetative Growth,Leaf curl virus,Consult local expert,,,,,,,,,,,,,,,,,
Cotton,Seedling Establishment and Vegetative Growth,Stem canker,Consult local expert,,,,,,,,,,,,,,,,,
Cotton,Seedling Establishment and Vegetative Growth,Anthracnose,Mancozeb (Dithane M-45),,,,,,,,,,,,,,,,,
Cotton,Seedling Establishment and Vegetative Growth,Gray mildew,Consult local expert,,,,,,,,,,,,,,,,,
Cotton,Seedling Establishment and Vegetative Growth,Alternaria leaf spot,Zineb (Dithane Z-78),,,,,,,,,,,,,,,,,
Cotton,Seedling Establishment and Vegetative Growth,Leaf curl virus,Consult local expert,,,,,,,,,,,,,,,,,
Cotton,Seedling Establishment and Vegetative Growth,Anthracnose,Mancozeb (Dithane M-45),,,,,,,,,,,,,,,,,
Cotton,Seedling Establishment and Vegetative Growth,Gray mildew,Consult local expert,,,,,,,,,,,,,,,,,
Cotton,Seedling Establishment and Vegetative Growth,Alternaria leaf spot,Zineb (Dithane Z-78),,,,,,,,,,,,,,,,,
Cotton,Seedling Establishment and Vegetative Growth,Leaf curl virus,Consult local expert,,,,,,,,,,,,,,,,,
Cotton,Seedling Establishment and Vegetative Growth,Anthracnose,Mancozeb (Dithane M-45),,,,,,,,,,,,,,,,,
Cotton,Seedling Establishment and Vegetative Growth,Bacterial blight,Consult local expert,,,,,,,,,,,,,,,,,
Cotton,Seedling Establishment and Vegetative Growth,Bacterial blight,Consult local expert,,,,,,,,,,,,,,,,,
Cotton,Seedling Establishment and Vegetative Growth,Bacterial blight,Consult local expert,,,,,,,,,,,,,,,,,
Cotton,Seedling Establishment and Vegetative Growth,Bacterial blight,Consult local expert,,,,,,,,,,,,,,,,,
Cotton,Seedling Establishment and Vegetative Growth,Stem canker,Consult local expert,,,,,,,,,,,,,,,,,
Cotton,Seedling Establishment and Vegetative Growth,Alternaria leaf spot,Zineb (Dithane Z-78),,,,,,,,,,,,,,,,,
Cotton,Seedling Establishment and Vegetative Growth,Leaf curl virus,Consult local expert,,,,,,,,,,,,,,,,,
Cotton,Seedling Establishment and Vegetative Growth,Alternaria leaf spot,Zineb (Dithane Z-78),,,,,,,,,,,,,,,,,
Cotton,Seedling Establishment and Vegetative Growth,Bacterial blight,Consult local expert,,,,,,,,,,,,,,,,,
Cotton,Seedling Establishment and Vegetative Growth,Gray mildew,Consult local expert,,,,,,,,,,,,,,,,,
Cotton,Seedling Establishment and Vegetative Growth,Bacterial blight,Consult local expert,,,,,,,,,,,,,,,,,
Cotton,Seedling Establishment and Vegetative Growth,Stem canker,Consult local expert,,,,,,,,,,,,,,,,,
Cotton,Seedling Establishment and Vegetative Growth,Bacterial blight,Consult local expert,,,,,,,,,,,,,,,,,
Cotton,Seedling Establishment and Vegetative Growth,Cercospora leaf spot,Consult local expert,,,,,,,,,,,,,,,,,
Cotton,Seedling Establishment and Vegetative Growth,Anthracnose,Mancozeb (Dithane M-45),,,,,,,,,,,,,,,,,
Cotton,Seedling Establishment and Vegetative Growth,Leaf curl virus,Consult local expert,,,,,,,,,,,,,,,,,
Cotton,Seedling Establishment and Vegetative Growth,Bacterial blight,Consult local expert,,,,,,,,,,,,,,,,,
Cotton,Seedling Establishment and Vegetative Growth,Stem canker,Consult local expert,,,,,,,,,,,,,,,,,
Cotton,Seedling Establishment and Vegetative Growth,Leaf curl virus,Consult local expert,,,,,,,,,,,,,,,,,
Cotton,Seedling Establishment and Vegetative Growth,Gray mildew,Consult local expert,,,,,,,,,,,,,,,,,
Cotton,Seedling Establishment and Vegetative Growth,Cercospora leaf spot,Consult local expert,,,,,,,,,,,,,,,,,
Cotton,Seedling Establishment and Vegetative Growth,Cercospora leaf spot,Consult local expert,,,,,,,,,,,,,,,,,
Cotton,Seedling Establishment and Vegetative Growth,Alternaria leaf spot,Zineb (Dithane Z-78),,,,,,,,,,,,,,,,,
Cotton,Seedling Establishment and Vegetative Growth,Cercospora leaf spot,Consult local expert,,,,,,,,,,,,,,,,,
Cotton,Seedling Establishment and Vegetative Growth,Anthracnose,Mancozeb (Dithane M-45),,,,,,,,,,,,,,,,,
Cotton,Seedling Establishment and Vegetative Growth,Cercospora leaf spot,Consult local expert,,,,,,,,,,,,,,,,,
Cotton,Seedling Establishment and Vegetative Growth,Anthracnose,Mancozeb (Dithane M-45),,,,,,,,,,,,,,,,,
Cotton,Seedling Establishment and Vegetative Growth,Gray mildew,Consult local expert,,,,,,,,,,,,,,,,,
Cotton,Seedling Establishment and Vegetative Growth,Alternaria leaf spot,Zineb (Dithane Z-78),,,,,,,,,,,,,,,,,
Cotton,Seedling Establishment and Vegetative Growth,Bacterial blight,Consult local expert,,,,,,,,,,,,,,,,,
Cotton,Seedling Establishment and Vegetative Growth,Cercospora leaf spot,Consult local expert,,,,,,,,,,,,,,,,,
Cotton,Seedling Establishment and Vegetative Growth,Alternaria leaf spot,Zineb (Dithane Z-78),,,,,,,,,,,,,,,,,
Cotton,Seedling Establishment and Vegetative Growth,Alternaria leaf spot,Zineb (Dithane Z-78),,,,,,,,,,,,,,,,,
Cotton,Seedling Establishment and Vegetative Growth,Cercospora leaf spot,Consult local expert,,,,,,,,,,,,,,,,,
Cotton,Seedling Establishment and Vegetative Growth,Leaf curl virus,Consult local expert,,,,,,,,,,,,,,,,,
Cotton,Seedling Establishment and Vegetative Growth,Gray mildew,Consult local expert,,,,,,,,,,,,,,,,,
Cotton,Seedling Establishment and Vegetative Growth,Anthracnose,Mancozeb (Dithane M-45),,,,,,,,,,,,,,,,,
Cotton,Seedling Establishment and Vegetative Growth,Stem canker,Consult local expert,,,,,,,,,,,,,,,,,
Cotton,Seedling Establishment and Vegetative Growth,Cercospora leaf spot,Consult local expert,,,,,,,,,,,,,,,,,
Cotton,Seedling Establishment and Vegetative Growth,Stem canker,Consult local expert,,,,,,,,,,,,,,,,,
Cotton,Seedling Establishment and Vegetative Growth,Leaf curl virus,Consult local expert,,,,,,,,,,,,,,,,,
Cotton,Seedling Establishment and Vegetative Growth,Gray mildew,Consult local expert,,,,,,,,,,,,,,,,,
Cotton,Seedling Establishment and Vegetative Growth,Cercospora leaf spot,Consult local expert,,,,,,,,,,,,,,,,,
Cotton,Seedling Establishment and Vegetative Growth,Anthracnose,Mancozeb (Dithane M-45),,,,,,,,,,,,,,,,,
Cotton,Seedling Establishment and Vegetative Growth,Gray mildew,Consult local expert,,,,,,,,,,,,,,,,,
Cotton,Seedling Establishment and Vegetative Growth,Gray mildew,Consult local expert,,,,,,,,,,,,,,,,,
Cotton,Seedling Establishment and Vegetative Growth,Stem canker,Consult local expert,,,,,,,,,,,,,,,,,
Cotton,Seedling Establishment and Vegetative Growth,Gray mildew,Consult local expert,,,,,,,,,,,,,,,,,
Cotton,Seedling Establishment and Vegetative Growth,Alternaria leaf spot,Zineb (Dithane Z-78),,,,,,,,,,,,,,,,,
Cotton,Seedling Establishment and Vegetative Growth,Anthracnose,Mancozeb (Dithane M-45),,,,,,,,,,,,,,,,,
Cotton,Seedling Establishment and Vegetative Growth,Stem canker,Consult local expert,,,,,,,,,,,,,,,,,
Cotton,Seedling Establishment and Vegetative Growth,Cercospora leaf spot,Consult local expert,,,,,,,,,,,,,,,,,
Cotton,Seedling Establishment and Vegetative Growth,Cercospora leaf spot,Consult local expert,,,,,,,,,,,,,,,,,
Cotton,Seedling Establishment and Vegetative Growth,Bacterial blight,Consult local expert,,,,,,,,,,,,,,,,,
Cotton,Seedling Establishment and Vegetative Growth,Anthracnose,Mancozeb (Dithane M-45),,,,,,,,,,,,,,,,,
Cotton,Seedling Establishment and Vegetative Growth,Bacterial blight,Consult local expert,,,,,,,,,,,,,,,,,
Cotton,Seedling Establishment and Vegetative Growth,Leaf curl virus,Consult local expert,,,,,,,,,,,,,,,,,
Cotton,Seedling Establishment and Vegetative Growth,Gray mildew,Consult local expert,,,,,,,,,,,,,,,,,
Cotton,Seedling Establishment and Vegetative Growth,Cercospora leaf spot,Consult local expert,,,,,,,,,,,,,,,,,
Cotton,Flowering Bud (Squaring),Myrothecium leaf spot,Consult local expert,,,,,,,,,,,,,,,,,
Cotton,Flowering Bud (Squaring),Boll rot,Copper oxychloride (Blitox 50),,,,,,,,,,,,,,,,,
Cotton,Flowering Bud (Squaring),Alternaria leaf spot,Zineb (Dithane Z-78),,,,,,,,,,,,,,,,,
Cotton,Flowering Bud (Squaring),Myrothecium leaf spot,Consult local expert,,,,,,,,,,,,,,,,,
Cotton,Flowering Bud (Squaring),Sooty mold,Consult local expert,,,,,,,,,,,,,,,,,
Cotton,Flowering Bud (Squaring),Alternaria leaf spot,Zineb (Dithane Z-78),,,,,,,,,,,,,,,,,
Cotton,Flowering Bud (Squaring),Alternaria leaf spot,Zineb (Dithane Z-78),,,,,,,,,,,,,,,,,
Cotton,Flowering Bud (Squaring),Flower bud shedding,Consult local expert,,,,,,,,,,,,,,,,,
Cotton,Flowering Bud (Squaring),Flower bud shedding,Consult local expert,,,,,,,,,,,,,,,,,
Cotton,Flowering Bud (Squaring),Alternaria leaf spot,Zineb (Dithane Z-78),,,,,,,,,,,,,,,,,
Cotton,Flowering Bud (Squaring),Alternaria leaf spot,Zineb (Dithane Z-78),,,,,,,,,,,,,,,,,
Cotton,Flowering Bud (Squaring),Alternaria leaf spot,Zineb (Dithane Z-78),,,,,,,,,,,,,,,,,
Cotton,Flowering Bud (Squaring),Fusarium boll rot,Consult local expert,,,,,,,,,,,,,,,,,
Cotton,Flowering Bud (Squaring),Myrothecium leaf spot,Consult local expert,,,,,,,,,,,,,,,,,
Cotton,Flowering Bud (Squaring),Sooty mold,Consult local expert,,,,,,,,,,,,,,,,,
Cotton,Flowering Bud (Squaring),Flower bud shedding,Consult local expert,,,,,,,,,,,,,,,,,
Cotton,Flowering Bud (Squaring),Myrothecium leaf spot,Consult local expert,,,,,,,,,,,,,,,,,
Cotton,Flowering Bud (Squaring),Myrothecium leaf spot,Consult local expert,,,,,,,,,,,,,,,,,
Cotton,Flowering Bud (Squaring),Wilt complex,Consult local expert,,,,,,,,,,,,,,,,,
Cotton,Flowering Bud (Squaring),Flower bud shedding,Consult local expert,,,,,,,,,,,,,,,,,
Cotton,Flowering Bud (Squaring),Sooty mold,Consult local expert,,,,,,,,,,,,,,,,,
Cotton,Flowering Bud (Squaring),Wilt complex,Consult local expert,,,,,,,,,,,,,,,,,
Cotton,Flowering Bud (Squaring),Boll rot,Copper oxychloride (Blitox 50),,,,,,,,,,,,,,,,,
Cotton,Flowering Bud (Squaring),Myrothecium leaf spot,Consult local expert,,,,,,,,,,,,,,,,,
Cotton,Flowering Bud (Squaring),Sooty mold,Consult local expert,,,,,,,,,,,,,,,,,
Cotton,Flowering Bud (Squaring),Wilt complex,Consult local expert,,,,,,,,,,,,,,,,,
Cotton,Flowering Bud (Squaring),Myrothecium leaf spot,Consult local expert,,,,,,,,,,,,,,,,,
Cotton,Flowering Bud (Squaring),Flower bud shedding,Consult local expert,,,,,,,,,,,,,,,,,
Cotton,Flowering Bud (Squaring),Sooty mold,Consult local expert,,,,,,,,,,,,,,,,,
Cotton,Flowering Bud (Squaring),Alternaria leaf spot,Zineb (Dithane Z-78),,,,,,,,,,,,,,,,,
Cotton,Flowering Bud (Squaring),Myrothecium leaf spot,Consult local expert,,,,,,,,,,,,,,,,,
Cotton,Flowering Bud (Squaring),Fusarium boll rot,Consult local expert,,,,,,,,,,,,,,,,,
Cotton,Flowering Bud (Squaring),Wilt complex,Consult local expert,,,,,,,,,,,,,,,,,
Cotton,Flowering Bud (Squaring),Sooty mold,Consult local expert,,,,,,,,,,,,,,,,,
Cotton,Flowering Bud (Squaring),Myrothecium leaf spot,Consult local expert,,,,,,,,,,,,,,,,,
Cotton,Flowering Bud (Squaring),Boll rot,Copper oxychloride (Blitox 50),,,,,,,,,,,,,,,,,
Cotton,Flowering Bud (Squaring),Wilt complex,Consult local expert,,,,,,,,,,,,,,,,,
Cotton,Flowering Bud (Squaring),Myrothecium leaf spot,Consult local expert,,,,,,,,,,,,,,,,,
Cotton,Flowering Bud (Squaring),Boll rot,Copper oxychloride (Blitox 50),,,,,,,,,,,,,,,,,
Cotton,Flowering Bud (Squaring),Sooty mold,Consult local expert,,,,,,,,,,,,,,,,,
Cotton,Flowering Bud (Squaring),Sooty mold,Consult local expert,,,,,,,,,,,,,,,,,
Cotton,Flowering Bud (Squaring),Flower bud shedding,Consult local expert,,,,,,,,,,,,,,,,,
Cotton,Flowering Bud (Squaring),Alternaria leaf spot,Zineb (Dithane Z-78),,,,,,,,,,,,,,,,,
Cotton,Flowering Bud (Squaring),Myrothecium leaf spot,Consult local expert,,,,,,,,,,,,,,,,,
Cotton,Flowering Bud (Squaring),Boll rot,Copper oxychloride (Blitox 50),,,,,,,,,,,,,,,,,
Cotton,Flowering Bud (Squaring),Alternaria leaf spot,Zineb (Dithane Z-78),,,,,,,,,,,,,,,,,
Cotton,Flowering Bud (Squaring),Wilt complex,Consult local expert,,,,,,,,,,,,,,,,,
Cotton,Flowering Bud (Squaring),Alternaria leaf spot,Zineb (Dithane Z-78),,,,,,,,,,,,,,,,,
Cotton,Flowering Bud (Squaring),Myrothecium leaf spot,Consult local expert,,,,,,,,,,,,,,,,,
Cotton,Flowering Bud (Squaring),Flower bud shedding,Consult local expert,,,,,,,,,,,,,,,,,
Cotton,Flowering Bud (Squaring),Fusarium boll rot,Consult local expert,,,,,,,,,,,,,,,,,
Cotton,Flowering Bud (Squaring),Boll rot,Copper oxychloride (Blitox 50),,,,,,,,,,,,,,,,,
Cotton,Flowering Bud (Squaring),Boll rot,Copper oxychloride (Blitox 50),,,,,,,,,,,,,,,,,
Cotton,Flowering Bud (Squaring),Boll rot,Copper oxychloride (Blitox 50),,,,,,,,,,,,,,,,,
Cotton,Flowering Bud (Squaring),Flower bud shedding,Consult local expert,,,,,,,,,,,,,,,,,
Cotton,Flowering Bud (Squaring),Sooty mold,Consult local expert,,,,,,,,,,,,,,,,,
Cotton,Flowering Bud (Squaring),Wilt complex,Consult local expert,,,,,,,,,,,,,,,,,
Cotton,Flowering Bud (Squaring),Alternaria leaf spot,Zineb (Dithane Z-78),,,,,,,,,,,,,,,,,
Cotton,Flowering Bud (Squaring),Boll rot,Copper oxychloride (Blitox 50),,,,,,,,,,,,,,,,,
Cotton,Flowering Bud (Squaring),Fusarium boll rot,Consult local expert,,,,,,,,,,,,,,,,,
Cotton,Flowering Bud (Squaring),Myrothecium leaf spot,Consult local expert,,,,,,,,,,,,,,,,,
Cotton,Flowering Bud (Squaring),Flower bud shedding,Consult local expert,,,,,,,,,,,,,,,,,
Cotton,Flowering Bud (Squaring),Wilt complex,Consult local expert,,,,,,,,,,,,,,,,,
Cotton,Flowering Bud (Squaring),Fusarium boll rot,Consult local expert,,,,,,,,,,,,,,,,,
Cotton,Flowering Bud (Squaring),Boll rot,Copper oxychloride (Blitox 50),,,,,,,,,,,,,,,,,
Cotton,Flowering Bud (Squaring),Flower bud shedding,Consult local expert,,,,,,,,,,,,,,,,,
Cotton,Flowering Bud (Squaring),Flower bud shedding,Consult local expert,,,,,,,,,,,,,,,,,
Cotton,Flowering Bud (Squaring),Flower bud shedding,Consult local expert,,,,,,,,,,,,,,,,,
Cotton,Flowering Bud (Squaring),Alternaria leaf spot,Zineb (Dithane Z-78),,,,,,,,,,,,,,,,,
Cotton,Flowering Bud (Squaring),Fusarium boll rot,Consult local expert,,,,,,,,,,,,,,,,,
Cotton,Flowering Bud (Squaring),Myrothecium leaf spot,Consult local expert,,,,,,,,,,,,,,,,,
Cotton,Flowering Bud (Squaring),Myrothecium leaf spot,Consult local expert,,,,,,,,,,,,,,,,,
Cotton,Flowering Bud (Squaring),Wilt complex,Consult local expert,,,,,,,,,,,,,,,,,
Cotton,Flowering Bud (Squaring),Wilt complex,Consult local expert,,,,,,,,,,,,,,,,,
Cotton,Flowering Bud (Squaring),Flower bud shedding,Consult local expert,,,,,,,,,,,,,,,,,
Cotton,Flowering Bud (Squaring),Flower bud shedding,Consult local expert,,,,,,,,,,,,,,,,,
Cotton,Flowering Bud (Squaring),Sooty mold,Consult local expert,,,,,,,,,,,,,,,,,
Cotton,Flowering Bud (Squaring),Myrothecium leaf spot,Consult local expert,,,,,,,,,,,,,,,,,
Cotton,Flowering Bud (Squaring),Myrothecium leaf spot,Consult local expert,,,,,,,,,,,,,,,,,
Cotton,Flowering Bud (Squaring),Wilt complex,Consult local expert,,,,,,,,,,,,,,,,,
Cotton,Flowering Bud (Squaring),Wilt complex,Consult local expert,,,,,,,,,,,,,,,,,
Cotton,Flowering Bud (Squaring),Myrothecium leaf spot,Consult local expert,,,,,,,,,,,,,,,,,
Cotton,Flowering Bud (Squaring),Fusarium boll rot,Consult local expert,,,,,,,,,,,,,,,,,
Cotton,Flowering Bud (Squaring),Fusarium boll rot,Consult local expert,,,,,,,,,,,,,,,,,
Cotton,Flowering Bud (Squaring),Alternaria leaf spot,Zineb (Dithane Z-78),,,,,,,,,,,,,,,,,
Cotton,Flowering Bud (Squaring),Alternaria leaf spot,Zineb (Dithane Z-78),,,,,,,,,,,,,,,,,
Cotton,Flowering Bud (Squaring),Myrothecium leaf spot,Consult local expert,,,,,,,,,,,,,,,,,
Cotton,Flowering Bud (Squaring),Flower bud shedding,Consult local expert,,,,,,,,,,,,,,,,,
Cotton,Flowering Bud (Squaring),Fusarium boll rot,Consult local expert,,,,,,,,,,,,,,,,,
Cotton,Flowering Bud (Squaring),Alternaria leaf spot,Zineb (Dithane Z-78),,,,,,,,,,,,,,,,,
Cotton,Flowering Bud (Squaring),Flower bud shedding,Consult local expert,,,,,,,,,,,,,,,,,
Cotton,Flowering Bud (Squaring),Boll rot,Copper oxychloride (Blitox 50),,,,,,,,,,,,,,,,,
Cotton,Flowering Bud (Squaring),Wilt complex,Consult local expert,,,,,,,,,,,,,,,,,
Cotton,Flowering Bud (Squaring),Fusarium boll rot,Consult local expert,,,,,,,,,,,,,,,,,
Cotton,Flowering Bud (Squaring),Wilt complex,Consult local expert,,,,,,,,,,,,,,,,,
Cotton,Flowering Bud (Squaring),Flower bud shedding,Consult local expert,,,,,,,,,,,,,,,,,
Cotton,Flowering Bud (Squaring),Wilt complex,Consult local expert,,,,,,,,,,,,,,,,,
Cotton,Flowering Bud (Squaring),Wilt complex,Consult local expert,,,,,,,,,,,,,,,,,
Cotton,Flowering Bud (Squaring),Wilt complex,Consult local expert,,,,,,,,,,,,,,,,,
Cotton,Flowering Bud (Squaring),Alternaria leaf spot,Zineb (Dithane Z-78),,,,,,,,,,,,,,,,,
Cotton,Flowering Bud (Squaring),Wilt complex,Consult local expert,,,,,,,,,,,,,,,,,
Cotton,Flowering Bud (Squaring),Myrothecium leaf spot,Consult local expert,,,,,,,,,,,,,,,,,
Cotton,Flowering Bud (Squaring),Flower bud shedding,Consult local expert,,,,,,,,,,,,,,,,,
Cotton,Flowering Bud (Squaring),Flower bud shedding,Consult local expert,,,,,,,,,,,,,,,,,
Cotton,Flowering Bud (Squaring),Boll rot,Copper oxychloride (Blitox 50),,,,,,,,,,,,,,,,,
Cotton,Flowering Bud (Squaring),Alternaria leaf spot,Zineb (Dithane Z-78),,,,,,,,,,,,,,,,,
Cotton,Flowering Bud (Squaring),Boll rot,Copper oxychloride (Blitox 50),,,,,,,,,,,,,,,,,
Cotton,Flowering Bud (Squaring),Fusarium boll rot,Consult local expert,,,,,,,,,,,,,,,,,
Cotton,Flowering Bud (Squaring),Alternaria leaf spot,Zineb (Dithane Z-78),,,,,,,,,,,,,,,,,
Cotton,Flowering Bud (Squaring),Fusarium boll rot,Consult local expert,,,,,,,,,,,,,,,,,
Cotton,Flowering Bud (Squaring),Fusarium boll rot,Consult local expert,,,,,,,,,,,,,,,,,
Cotton,Flowering Bud (Squaring),Fusarium boll rot,Consult local expert,,,,,,,,,,,,,,,,,
Cotton,Flowering Bud (Squaring),Flower bud shedding,Consult local expert,,,,,,,,,,,,,,,,,
Cotton,Flowering Bud (Squaring),Flower bud shedding,Consult local expert,,,,,,,,,,,,,,,,,
Cotton,Flowering Bud (Squaring),Fusarium boll rot,Consult local expert,,,,,,,,,,,,,,,,,
Cotton,Flowering Bud (Squaring),Boll rot,Copper oxychloride (Blitox 50),,,,,,,,,,,,,,,,,
Cotton,Flowering Bud (Squaring),Fusarium boll rot,Consult local expert,,,,,,,,,,,,,,,,,
Cotton,Flowering Bud (Squaring),Boll rot,Copper oxychloride (Blitox 50),,,,,,,,,,,,,,,,,
Cotton,Flowering Bud (Squaring),Flower bud shedding,Consult local expert,,,,,,,,,,,,,,,,,
Cotton,Flowering Bud (Squaring),Alternaria leaf spot,Zineb (Dithane Z-78),,,,,,,,,,,,,,,,,
Cotton,Flowering Bud (Squaring),Wilt complex,Consult local expert,,,,,,,,,,,,,,,,,
Cotton,Flowering Bud (Squaring),Wilt complex,Consult local expert,,,,,,,,,,,,,,,,,
Cotton,Flowering Bud (Squaring),Myrothecium leaf spot,Consult local expert,,,,,,,,,,,,,,,,,
Cotton,Flowering Bud (Squaring),Fusarium boll rot,Consult local expert,,,,,,,,,,,,,,,,,
Cotton,Flowering Bud (Squaring),Boll rot,Copper oxychloride (Blitox 50),,,,,,,,,,,,,,,,,
Cotton,Flowering Bud (Squaring),Sooty mold,Consult local expert,,,,,,,,,,,,,,,,,
Cotton,Flowering Bud (Squaring),Boll rot,Copper oxychloride (Blitox 50),,,,,,,,,,,,,,,,,
Cotton,Flowering Bud (Squaring),Wilt complex,Consult local expert,,,,,,,,,,,,,,,,,
Cotton,Flowering Bud (Squaring),Fusarium boll rot,Consult local expert,,,,,,,,,,,,,,,,,
Cotton,Flowering Bud (Squaring),Fusarium boll rot,Consult local expert,,,,,,,,,,,,,,,,,
Cotton,Flowering Bud (Squaring),Fusarium boll rot,Consult local expert,,,,,,,,,,,,,,,,,
Cotton,Flowering Bud (Squaring),Sooty mold,Consult local expert,,,,,,,,,,,,,,,,,
Cotton,Flowering Bud (Squaring),Fusarium boll rot,Consult local expert,,,,,,,,,,,,,,,,,
Cotton,Flowering Bud (Squaring),Wilt complex,Consult local expert,,,,,,,,,,,,,,,,,
Cotton,Flowering Bud (Squaring),Alternaria leaf spot,Zineb (Dithane Z-78),,,,,,,,,,,,,,,,,
Cotton,Flowering Bud (Squaring),Flower bud shedding,Consult local expert,,,,,,,,,,,,,,,,,
Cotton,Flowering Bud (Squaring),Boll rot,Copper oxychloride (Blitox 50),,,,,,,,,,,,,,,,,
Cotton,Flowering Bud (Squaring),Sooty mold,Consult local expert,,,,,,,,,,,,,,,,,
Cotton,Flowering Bud (Squaring),Flower bud shedding,Consult local expert,,,,,,,,,,,,,,,,,
Cotton,Flowering Bud (Squaring),Boll rot,Copper oxychloride (Blitox 50),,,,,,,,,,,,,,,,,
Cotton,Flowering Bud (Squaring),Flower bud shedding,Consult local expert,,,,,,,,,,,,,,,,,
Cotton,Flowering Bud (Squaring),Alternaria leaf spot,Zineb (Dithane Z-78),,,,,,,,,,,,,,,,,
Cotton,Flowering Bud (Squaring),Myrothecium leaf spot,Consult local expert,,,,,,,,,,,,,,,,,
Cotton,Flowering Bud (Squaring),Myrothecium leaf spot,Consult local expert,,,,,,,,,,,,,,,,,
Cotton,Flowering Bud (Squaring),Sooty mold,Consult local expert,,,,,,,,,,,,,,,,,
Cotton,Flowering Bud (Squaring),Sooty mold,Consult local expert,,,,,,,,,,,,,,,,,
Cotton,Flowering Bud (Squaring),Myrothecium leaf spot,Consult local expert,,,,,,,,,,,,,,,,,
Cotton,Flowering Bud (Squaring),Wilt complex,Consult local expert,,,,,,,,,,,,,,,,,
Cotton,Flowering Bud (Squaring),Boll rot,Copper oxychloride (Blitox 50),,,,,,,,,,,,,,,,,
Cotton,Flowering Bud (Squaring),Myrothecium leaf spot,Consult local expert,,,,,,,,,,,,,,,,,
Cotton,Flowering Bud (Squaring),Alternaria leaf spot,Zineb (Dithane Z-78),,,,,,,,,,,,,,,,,
Cotton,Flowering Bud (Squaring),Fusarium boll rot,Consult local expert,,,,,,,,,,,,,,,,,
Cotton,Flowering Bud (Squaring),Fusarium boll rot,Consult local expert,,,,,,,,,,,,,,,,,
Cotton,Flowering Bud (Squaring),Wilt complex,Consult local expert,,,,,,,,,,,,,,,,,
Cotton,Flowering Bud (Squaring),Boll rot,Copper oxychloride (Blitox 50),,,,,,,,,,,,,,,,,
Cotton,Flowering Bud (Squaring),Alternaria leaf spot,Zineb (Dithane Z-78),,,,,,,,,,,,,,,,,
Cotton,Flowering Bud (Squaring),Fusarium boll rot,Consult local expert,,,,,,,,,,,,,,,,,
Cotton,Flowering Bud (Squaring),Sooty mold,Consult local expert,,,,,,,,,,,,,,,,,
Cotton,Flowering Bud (Squaring),Boll rot,Copper oxychloride (Blitox 50),,,,,,,,,,,,,,,,,
Cotton,Flowering Bud (Squaring),Sooty mold,Consult local expert,,,,,,,,,,,,,,,,,
Cotton,Flowering Bud (Squaring),Flower bud shedding,Consult local expert,,,,,,,,,,,,,,,,,
Cotton,Flowering Bud (Squaring),Wilt complex,Consult local expert,,,,,,,,,,,,,,,,,
Cotton,Flowering Bud (Squaring),Wilt complex,Consult local expert,,,,,,,,,,,,,,,,,
Cotton,Flowering Bud (Squaring),Boll rot,Copper oxychloride (Blitox 50),,,,,,,,,,,,,,,,,
Cotton,Flowering Bud (Squaring),Sooty mold,Consult local expert,,,,,,,,,,,,,,,,,
Cotton,Flowering Bud (Squaring),Flower bud shedding,Consult local expert,,,,,,,,,,,,,,,,,
Cotton,Flowering Bud (Squaring),Sooty mold,Consult local expert,,,,,,,,,,,,,,,,,
Cotton,Flowering Bud (Squaring),Boll rot,Copper oxychloride (Blitox 50),,,,,,,,,,,,,,,,,
Cotton,Flowering Bud (Squaring),Wilt complex,Consult local expert,,,,,,,,,,,,,,,,,
Cotton,Flowering Bud (Squaring),Boll rot,Copper oxychloride (Blitox 50),,,,,,,,,,,,,,,,,
Cotton,Flowering Bud (Squaring),Alternaria leaf spot,Zineb (Dithane Z-78),,,,,,,,,,,,,,,,,
Cotton,Flowering Bud (Squaring),Boll rot,Copper oxychloride (Blitox 50),,,,,,,,,,,,,,,,,
Cotton,Flowering Bud (Squaring),Alternaria leaf spot,Zineb (Dithane Z-78),,,,,,,,,,,,,,,,,
Cotton,Flowering Bud (Squaring),Boll rot,Copper oxychloride (Blitox 50),,,,,,,,,,,,,,,,,
Cotton,Flowering Bud (Squaring),Alternaria leaf spot,Zineb (Dithane Z-78),,,,,,,,,,,,,,,,,
Cotton,Flowering Bud (Squaring),Wilt complex,Consult local expert,,,,,,,,,,,,,,,,,
Cotton,Flowering Bud (Squaring),Alternaria leaf spot,Zineb (Dithane Z-78),,,,,,,,,,,,,,,,,
Cotton,Flowering Bud (Squaring),Flower bud shedding,Consult local expert,,,,,,,,,,,,,,,,,
Cotton,Flowering Bud (Squaring),Boll rot,Copper oxychloride (Blitox 50),,,,,,,,,,,,,,,,,
Cotton,Flowering Bud (Squaring),Boll rot,Copper oxychloride (Blitox 50),,,,,,,,,,,,,,,,,
Cotton,Flowering Bud (Squaring),Boll rot,Copper oxychloride (Blitox 50),,,,,,,,,,,,,,,,,
Cotton,Flowering Bud (Squaring),Boll rot,Copper oxychloride (Blitox 50),,,,,,,,,,,,,,,,,
Cotton,Flowering Bud (Squaring),Wilt complex,Consult local expert,,,,,,,,,,,,,,,,,
Cotton,Flowering Bud (Squaring),Boll rot,Copper oxychloride (Blitox 50),,,,,,,,,,,,,,,,,
Cotton,Flowering Bud (Squaring),Sooty mold,Consult local expert,,,,,,,,,,,,,,,,,
Cotton,Flowering Bud (Squaring),Sooty mold,Consult local expert,,,,,,,,,,,,,,,,,
Cotton,Flowering Bud (Squaring),Boll rot,Copper oxychloride (Blitox 50),,,,,,,,,,,,,,,,,
Cotton,Flowering Bud (Squaring),Flower bud shedding,Consult local expert,,,,,,,,,,,,,,,,,
Cotton,Flowering Bud (Squaring),Flower bud shedding,Consult local expert,,,,,,,,,,,,,,,,,
Cotton,Flowering Bud (Squaring),Wilt complex,Consult local expert,,,,,,,,,,,,,,,,,
Cotton,Flowering Bud (Squaring),Boll rot,Copper oxychloride (Blitox 50),,,,,,,,,,,,,,,,,
Cotton,Flowering Bud (Squaring),Fusarium boll rot,Consult local expert,,,,,,,,,,,,,,,,,
Cotton,Flowering Bud (Squaring),Sooty mold,Consult local expert,,,,,,,,,,,,,,,,,
Cotton,Flowering Bud (Squaring),Wilt complex,Consult local expert,,,,,,,,,,,,,,,,,
Cotton,Flowering Bud (Squaring),Myrothecium leaf spot,Consult local expert,,,,,,,,,,,,,,,,,
Cotton,Flowering Bud (Squaring),Alternaria leaf spot,Zineb (Dithane Z-78),,,,,,,,,,,,,,,,,
Cotton,Flowering Bud (Squaring),Flower bud shedding,Consult local expert,,,,,,,,,,,,,,,,,
Cotton,Flowering Bud (Squaring),Boll rot,Copper oxychloride (Blitox 50),,,,,,,,,,,,,,,,,
Cotton,Flowering Bud (Squaring),Wilt complex,Consult local expert,,,,,,,,,,,,,,,,,
Cotton,Flowering Bud (Squaring),Boll rot,Copper oxychloride (Blitox 50),,,,,,,,,,,,,,,,,
Cotton,Flowering and Boll Development,Leaf curl virus,Consult local expert,,,,,,,,,,,,,,,,,
Cotton,Flowering and Boll Development,Target spot,Consult local expert,,,,,,,,,,,,,,,,,
Cotton,Flowering and Boll Development,Gray mildew,Consult local expert,,,,,,,,,,,,,,,,,
Cotton,Flowering and Boll Development,Bacterial blight,Consult local expert,,,,,,,,,,,,,,,,,
Cotton,Flowering and Boll Development,Anthracnose,Mancozeb (Dithane M-45),,,,,,,,,,,,,,,,,
Cotton,Flowering and Boll Development,Anthracnose,Mancozeb (Dithane M-45),,,,,,,,,,,,,,,,,
Cotton,Flowering and Boll Development,Boll rot,Copper oxychloride (Blitox 50),,,,,,,,,,,,,,,,,
Cotton,Flowering and Boll Development,Anthracnose,Mancozeb (Dithane M-45),,,,,,,,,,,,,,,,,
Cotton,Flowering and Boll Development,Boll rot,Copper oxychloride (Blitox 50),,,,,,,,,,,,,,,,,
Cotton,Flowering and Boll Development,Bacterial blight,Consult local expert,,,,,,,,,,,,,,,,,
Cotton,Flowering and Boll Development,Bacterial blight,Consult local expert,,,,,,,,,,,,,,,,,
Cotton,Flowering and Boll Development,Bacterial blight,Consult local expert,,,,,,,,,,,,,,,,,
Cotton,Flowering and Boll Development,Anthracnose,Mancozeb (Dithane M-45),,,,,,,,,,,,,,,,,
Cotton,Flowering and Boll Development,Leaf curl virus,Consult local expert,,,,,,,,,,,,,,,,,
Cotton,Flowering and Boll Development,Anthracnose,Mancozeb (Dithane M-45),,,,,,,,,,,,,,,,,
Cotton,Flowering and Boll Development,Boll rot,Copper oxychloride (Blitox 50),,,,,,,,,,,,,,,,,
Cotton,Flowering and Boll Development,Gray mildew,Consult local expert,,,,,,,,,,,,,,,,,
Cotton,Flowering and Boll Development,Alternaria blight,Consult local expert,,,,,,,,,,,,,,,,,
Cotton,Flowering and Boll Development,Target spot,Consult local expert,,,,,,,,,,,,,,,,,
Cotton,Flowering and Boll Development,Bacterial blight,Consult local expert,,,,,,,,,,,,,,,,,
Cotton,Flowering and Boll Development,Target spot,Consult local expert,,,,,,,,,,,,,,,,,
Cotton,Flowering and Boll Development,Leaf curl virus,Consult local expert,,,,,,,,,,,,,,,,,
Cotton,Flowering and Boll Development,Alternaria blight,Consult local expert,,,,,,,,,,,,,,,,,
Cotton,Flowering and Boll Development,Bacterial blight,Consult local expert,,,,,,,,,,,,,,,,,
Cotton,Flowering and Boll Development,Target spot,Consult local expert,,,,,,,,,,,,,,,,,
Cotton,Flowering and Boll Development,Anthracnose,Mancozeb (Dithane M-45),,,,,,,,,,,,,,,,,
Cotton,Flowering and Boll Development,Target spot,Consult local expert,,,,,,,,,,,,,,,,,
Cotton,Flowering and Boll Development,Gray mildew,Consult local expert,,,,,,,,,,,,,,,,,
Cotton,Flowering and Boll Development,Leaf curl virus,Consult local expert,,,,,,,,,,,,,,,,,
Cotton,Flowering and Boll Development,Alternaria blight,Consult local expert,,,,,,,,,,,,,,,,,
Cotton,Flowering and Boll Development,Gray mildew,Consult local expert,,,,,,,,,,,,,,,,,
Cotton,Flowering and Boll Development,Boll rot,Copper oxychloride (Blitox 50),,,,,,,,,,,,,,,,,
Cotton,Flowering and Boll Development,Gray mildew,Consult local expert,,,,,,,,,,,,,,,,,
Cotton,Flowering and Boll Development,Target spot,Consult local expert,,,,,,,,,,,,,,,,,
Cotton,Flowering and Boll Development,Target spot,Consult local expert,,,,,,,,,,,,,,,,,
Cotton,Flowering and Boll Development,Bacterial blight,Consult local expert,,,,,,,,,,,,,,,,,
Cotton,Flowering and Boll Development,Boll rot,Copper oxychloride (Blitox 50),,,,,,,,,,,,,,,,,
Cotton,Flowering and Boll Development,Target spot,Consult local expert,,,,,,,,,,,,,,,,,
Cotton,Flowering and Boll Development,Target spot,Consult local expert,,,,,,,,,,,,,,,,,
Cotton,Flowering and Boll Development,Alternaria blight,Consult local expert,,,,,,,,,,,,,,,,,
Cotton,Flowering and Boll Development,Anthracnose,Mancozeb (Dithane M-45),,,,,,,,,,,,,,,,,
Cotton,Flowering and Boll Development,Boll rot,Copper oxychloride (Blitox 50),,,,,,,,,,,,,,,,,
Cotton,Flowering and Boll Development,Leaf curl virus,Consult local expert,,,,,,,,,,,,,,,,,
Cotton,Flowering and Boll Development,Leaf curl virus,Consult local expert,,,,,,,,,,,,,,,,,
Cotton,Flowering and Boll Development,Gray mildew,Consult local expert,,,,,,,,,,,,,,,,,
Cotton,Flowering and Boll Development,Target spot,Consult local expert,,,,,,,,,,,,,,,,,
Cotton,Flowering and Boll Development,Leaf curl virus,Consult local expert,,,,,,,,,,,,,,,,,
Cotton,Flowering and Boll Development,Target spot,Consult local expert,,,,,,,,,,,,,,,,,
Cotton,Flowering and Boll Development,Alternaria blight,Consult local expert,,,,,,,,,,,,,,,,,
Cotton,Flowering and Boll Development,Leaf curl virus,Consult local expert,,,,,,,,,,,,,,,,,
Cotton,Flowering and Boll Development,Leaf curl virus,Consult local expert,,,,,,,,,,,,,,,,,
Cotton,Flowering and Boll Development,Bacterial blight,Consult local expert,,,,,,,,,,,,,,,,,
Cotton,Flowering and Boll Development,Bacterial blight,Consult local expert,,,,,,,,,,,,,,,,,
Cotton,Flowering and Boll Development,Gray mildew,Consult local expert,,,,,,,,,,,,,,,,,
Cotton,Flowering and Boll Development,Anthracnose,Mancozeb (Dithane M-45),,,,,,,,,,,,,,,,,
Cotton,Flowering and Boll Development,Leaf curl virus,Consult local expert,,,,,,,,,,,,,,,,,
Cotton,Flowering and Boll Development,Anthracnose,Mancozeb (Dithane M-45),,,,,,,,,,,,,,,,,
Cotton,Flowering and Boll Development,Gray mildew,Consult local expert,,,,,,,,,,,,,,,,,
Cotton,Flowering and Boll Development,Anthracnose,Mancozeb (Dithane M-45),,,,,,,,,,,,,,,,,
Cotton,Flowering and Boll Development,Boll rot,Copper oxychloride (Blitox 50),,,,,,,,,,,,,,,,,
Cotton,Flowering and Boll Development,Alternaria blight,Consult local expert,,,,,,,,,,,,,,,,,
Cotton,Flowering and Boll Development,Anthracnose,Mancozeb (Dithane M-45),,,,,,,,,,,,,,,,,
Cotton,Flowering and Boll Development,Bacterial blight,Consult local expert,,,,,,,,,,,,,,,,,
Cotton,Flowering and Boll Development,Target spot,Consult local expert,,,,,,,,,,,,,,,,,
Cotton,Flowering and Boll Development,Alternaria blight,Consult local expert,,,,,,,,,,,,,,,,,
Cotton,Flowering and Boll Development,Boll rot,Copper oxychloride (Blitox 50),,,,,,,,,,,,,,,,,
Cotton,Flowering and Boll Development,Gray mildew,Consult local expert,,,,,,,,,,,,,,,,,
Cotton,Flowering and Boll Development,Bacterial blight,Consult local expert,,,,,,,,,,,,,,,,,
Cotton,Flowering and Boll Development,Target spot,Consult local expert,,,,,,,,,,,,,,,,,
Cotton,Flowering and Boll Development,Alternaria blight,Consult local expert,,,,,,,,,,,,,,,,,
Cotton,Flowering and Boll Development,Leaf curl virus,Consult local expert,,,,,,,,,,,,,,,,,
Cotton,Flowering and Boll Development,Boll rot,Copper oxychloride (Blitox 50),,,,,,,,,,,,,,,,,
Cotton,Flowering and Boll Development,Alternaria blight,Consult local expert,,,,,,,,,,,,,,,,,
Cotton,Flowering and Boll Development,Anthracnose,Mancozeb (Dithane M-45),,,,,,,,,,,,,,,,,
Cotton,Flowering and Boll Development,Boll rot,Copper oxychloride (Blitox 50),,,,,,,,,,,,,,,,,
Cotton,Flowering and Boll Development,Gray mildew,Consult local expert,,,,,,,,,,,,,,,,,
Cotton,Flowering and Boll Development,Anthracnose,Mancozeb (Dithane M-45),,,,,,,,,,,,,,,,,
Cotton,Flowering and Boll Development,Target spot,Consult local expert,,,,,,,,,,,,,,,,,
Cotton,Flowering and Boll Development,Boll rot,Copper oxychloride (Blitox 50),,,,,,,,,,,,,,,,,
Cotton,Flowering and Boll Development,Gray mildew,Consult local expert,,,,,,,,,,,,,,,,,
Cotton,Flowering and Boll Development,Leaf curl virus,Consult local expert,,,,,,,,,,,,,,,,,
Cotton,Flowering and Boll Development,Alternaria blight,Consult local expert,,,,,,,,,,,,,,,,,
Cotton,Flowering and Boll Development,Anthracnose,Mancozeb (Dithane M-45),,,,,,,,,,,,,,,,,
Cotton,Flowering and Boll Development,Target spot,Consult local expert,,,,,,,,,,,,,,,,,
Cotton,Flowering and Boll Development,Bacterial blight,Consult local expert,,,,,,,,,,,,,,,,,
Cotton,Flowering and Boll Development,Alternaria blight,Consult local expert,,,,,,,,,,,,,,,,,
Cotton,Flowering and Boll Development,Boll rot,Copper oxychloride (Blitox 50),,,,,,,,,,,,,,,,,
Cotton,Flowering and Boll Development,Alternaria blight,Consult local expert,,,,,,,,,,,,,,,,,
Cotton,Flowering and Boll Development,Gray mildew,Consult local expert,,,,,,,,,,,,,,,,,
Cotton,Flowering and Boll Development,Gray mildew,Consult local expert,,,,,,,,,,,,,,,,,
Cotton,Flowering and Boll Development,Gray mildew,Consult local expert,,,,,,,,,,,,,,,,,
Cotton,Flowering and Boll Development,Target spot,Consult local expert,,,,,,,,,,,,,,,,,
Cotton,Flowering and Boll Development,Anthracnose,Mancozeb (Dithane M-45),,,,,,,,,,,,,,,,,
Cotton,Flowering and Boll Development,Gray mildew,Consult local expert,,,,,,,,,,,,,,,,,
Cotton,Flowering and Boll Development,Target spot,Consult local expert,,,,,,,,,,,,,,,,,
Cotton,Flowering and Boll Development,Leaf curl virus,Consult local expert,,,,,,,,,,,,,,,,,
Cotton,Flowering and Boll Development,Gray mildew,Consult local expert,,,,,,,,,,,,,,,,,
Cotton,Flowering and Boll Development,Target spot,Consult local expert,,,,,,,,,,,,,,,,,
Cotton,Flowering and Boll Development,Leaf curl virus,Consult local expert,,,,,,,,,,,,,,,,,
Cotton,Flowering and Boll Development,Leaf curl virus,Consult local expert,,,,,,,,,,,,,,,,,
Cotton,Flowering and Boll Development,Target spot,Consult local expert,,,,,,,,,,,,,,,,,
Cotton,Flowering and Boll Development,Leaf curl virus,Consult local expert,,,,,,,,,,,,,,,,,
Cotton,Flowering and Boll Development,Leaf curl virus,Consult local expert,,,,,,,,,,,,,,,,,
Cotton,Flowering and Boll Development,Bacterial blight,Consult local expert,,,,,,,,,,,,,,,,,
Cotton,Flowering and Boll Development,Leaf curl virus,Consult local expert,,,,,,,,,,,,,,,,,
Cotton,Flowering and Boll Development,Gray mildew,Consult local expert,,,,,,,,,,,,,,,,,
Cotton,Flowering and Boll Development,Alternaria blight,Consult local expert,,,,,,,,,,,,,,,,,
Cotton,Flowering and Boll Development,Alternaria blight,Consult local expert,,,,,,,,,,,,,,,,,
Cotton,Flowering and Boll Development,Leaf curl virus,Consult local expert,,,,,,,,,,,,,,,,,
Cotton,Flowering and Boll Development,Bacterial blight,Consult local expert,,,,,,,,,,,,,,,,,
Cotton,Flowering and Boll Development,Alternaria blight,Consult local expert,,,,,,,,,,,,,,,,,
Cotton,Flowering and Boll Development,Gray mildew,Consult local expert,,,,,,,,,,,,,,,,,
Cotton,Flowering and Boll Development,Target spot,Consult local expert,,,,,,,,,,,,,,,,,
Cotton,Flowering and Boll Development,Bacterial blight,Consult local expert,,,,,,,,,,,,,,,,,
Cotton,Flowering and Boll Development,Target spot,Consult local expert,,,,,,,,,,,,,,,,,
Cotton,Flowering and Boll Development,Alternaria blight,Consult local expert,,,,,,,,,,,,,,,,,
Cotton,Flowering and Boll Development,Alternaria blight,Consult local expert,,,,,,,,,,,,,,,,,
Cotton,Flowering and Boll Development,Anthracnose,Mancozeb (Dithane M-45),,,,,,,,,,,,,,,,,
Cotton,Flowering and Boll Development,Anthracnose,Mancozeb (Dithane M-45),,,,,,,,,,,,,,,,,
Cotton,Flowering and Boll Development,Alternaria blight,Consult local expert,,,,,,,,,,,,,,,,,
Cotton,Flowering and Boll Development,Alternaria blight,Consult local expert,,,,,,,,,,,,,,,,,
Cotton,Flowering and Boll Development,Boll rot,Copper oxychloride (Blitox 50),,,,,,,,,,,,,,,,,
Cotton,Flowering and Boll Development,Anthracnose,Mancozeb (Dithane M-45),,,,,,,,,,,,,,,,,
Cotton,Flowering and Boll Development,Alternaria blight,Consult local expert,,,,,,,,,,,,,,,,,
Cotton,Flowering and Boll Development,Target spot,Consult local expert,,,,,,,,,,,,,,,,,
Cotton,Flowering and Boll Development,Boll rot,Copper oxychloride (Blitox 50),,,,,,,,,,,,,,,,,
Cotton,Flowering and Boll Development,Target spot,Consult local expert,,,,,,,,,,,,,,,,,
Cotton,Flowering and Boll Development,Bacterial blight,Consult local expert,,,,,,,,,,,,,,,,,
Cotton,Flowering and Boll Development,Boll rot,Copper oxychloride (Blitox 50),,,,,,,,,,,,,,,,,
Cotton,Flowering and Boll Development,Bacterial blight,Consult local expert,,,,,,,,,,,,,,,,,
Cotton,Flowering and Boll Development,Gray mildew,Consult local expert,,,,,,,,,,,,,,,,,
Cotton,Flowering and Boll Development,Leaf curl virus,Consult local expert,,,,,,,,,,,,,,,,,
Cotton,Flowering and Boll Development,Target spot,Consult local expert,,,,,,,,,,,,,,,,,
Cotton,Flowering and Boll Development,Target spot,Consult local expert,,,,,,,,,,,,,,,,,
Cotton,Flowering and Boll Development,Gray mildew,Consult local expert,,,,,,,,,,,,,,,,,
Cotton,Flowering and Boll Development,Bacterial blight,Consult local expert,,,,,,,,,,,,,,,,,
Cotton,Flowering and Boll Development,Leaf curl virus,Consult local expert,,,,,,,,,,,,,,,,,
Cotton,Flowering and Boll Development,Gray mildew,Consult local expert,,,,,,,,,,,,,,,,,
Cotton,Flowering and Boll Development,Anthracnose,Mancozeb (Dithane M-45),,,,,,,,,,,,,,,,,
Cotton,Flowering and Boll Development,Alternaria blight,Consult local expert,,,,,,,,,,,,,,,,,
Cotton,Flowering and Boll Development,Boll rot,Copper oxychloride (Blitox 50),,,,,,,,,,,,,,,,,
Cotton,Flowering and Boll Development,Boll rot,Copper oxychloride (Blitox 50),,,,,,,,,,,,,,,,,
Cotton,Flowering and Boll Development,Gray mildew,Consult local expert,,,,,,,,,,,,,,,,,
Cotton,Flowering and Boll Development,Boll rot,Copper oxychloride (Blitox 50),,,,,,,,,,,,,,,,,
Cotton,Flowering and Boll Development,Alternaria blight,Consult local expert,,,,,,,,,,,,,,,,,
Cotton,Flowering and Boll Development,Boll rot,Copper oxychloride (Blitox 50),,,,,,,,,,,,,,,,,
Cotton,Flowering and Boll Development,Leaf curl virus,Consult local expert,,,,,,,,,,,,,,,,,
Cotton,Flowering and Boll Development,Target spot,Consult local expert,,,,,,,,,,,,,,,,,
Cotton,Flowering and Boll Development,Alternaria blight,Consult local expert,,,,,,,,,,,,,,,,,
Cotton,Flowering and Boll Development,Gray mildew,Consult local expert,,,,,,,,,,,,,,,,,
Cotton,Flowering and Boll Development,Boll rot,Copper oxychloride (Blitox 50),,,,,,,,,,,,,,,,,
Cotton,Flowering and Boll Development,Target spot,Consult local expert,,,,,,,,,,,,,,,,,
Cotton,Flowering and Boll Development,Bacterial blight,Consult local expert,,,,,,,,,,,,,,,,,
Cotton,Flowering and Boll Development,Boll rot,Copper oxychloride (Blitox 50),,,,,,,,,,,,,,,,,
Cotton,Flowering and Boll Development,Alternaria blight,Consult local expert,,,,,,,,,,,,,,,,,
Cotton,Flowering and Boll Development,Target spot,Consult local expert,,,,,,,,,,,,,,,,,
Cotton,Flowering and Boll Development,Bacterial blight,Consult local expert,,,,,,,,,,,,,,,,,
Cotton,Flowering and Boll Development,Alternaria blight,Consult local expert,,,,,,,,,,,,,,,,,
Cotton,Flowering and Boll Development,Leaf curl virus,Consult local expert,,,,,,,,,,,,,,,,,
Cotton,Flowering and Boll Development,Alternaria blight,Consult local expert,,,,,,,,,,,,,,,,,
Cotton,Flowering and Boll Development,Target spot,Consult local expert,,,,,,,,,,,,,,,,,
Cotton,Flowering and Boll Development,Bacterial blight,Consult local expert,,,,,,,,,,,,,,,,,
Cotton,Flowering and Boll Development,Boll rot,Copper oxychloride (Blitox 50),,,,,,,,,,,,,,,,,
Cotton,Flowering and Boll Development,Gray mildew,Consult local expert,,,,,,,,,,,,,,,,,
Cotton,Flowering and Boll Development,Anthracnose,Mancozeb (Dithane M-45),,,,,,,,,,,,,,,,,
Cotton,Flowering and Boll Development,Leaf curl virus,Consult local expert,,,,,,,,,,,,,,,,,
Cotton,Flowering and Boll Development,Bacterial blight,Consult local expert,,,,,,,,,,,,,,,,,
Cotton,Flowering and Boll Development,Alternaria blight,Consult local expert,,,,,,,,,,,,,,,,,
Cotton,Flowering and Boll Development,Leaf curl virus,Consult local expert,,,,,,,,,,,,,,,,,
Cotton,Flowering and Boll Development,Boll rot,Copper oxychloride (Blitox 50),,,,,,,,,,,,,,,,,
Cotton,Flowering and Boll Development,Gray mildew,Consult local expert,,,,,,,,,,,,,,,,,
Cotton,Flowering and Boll Development,Bacterial blight,Consult local expert,,,,,,,,,,,,,,,,,
Cotton,Flowering and Boll Development,Boll rot,Copper oxychloride (Blitox 50),,,,,,,,,,,,,,,,,
Cotton,Flowering and Boll Development,Target spot,Consult local expert,,,,,,,,,,,,,,,,,
Cotton,Flowering and Boll Development,Boll rot,Copper oxychloride (Blitox 50),,,,,,,,,,,,,,,,,
Cotton,Flowering and Boll Development,Alternaria blight,Consult local expert,,,,,,,,,,,,,,,,,
Cotton,Flowering and Boll Development,Target spot,Consult local expert,,,,,,,,,,,,,,,,,
Cotton,Flowering and Boll Development,Bacterial blight,Consult local expert,,,,,,,,,,,,,,,,,
Cotton,Flowering and Boll Development,Anthracnose,Mancozeb (Dithane M-45),,,,,,,,,,,,,,,,,
Cotton,Flowering and Boll Development,Alternaria blight,Consult local expert,,,,,,,,,,,,,,,,,
Cotton,Flowering and Boll Development,Bacterial blight,Consult local expert,,,,,,,,,,,,,,,,,
Cotton,Flowering and Boll Development,Alternaria blight,Consult local expert,,,,,,,,,,,,,,,,,
Cotton,Flowering and Boll Development,Bacterial blight,Consult local expert,,,,,,,,,,,,,,,,,
Cotton,Flowering and Boll Development,Alternaria blight,Consult local expert,,,,,,,,,,,,,,,,,
Cotton,Flowering and Boll Development,Alternaria blight,Consult local expert,,,,,,,,,,,,,,,,,
Cotton,Flowering and Boll Development,Leaf curl virus,Consult local expert,,,,,,,,,,,,,,,,,
Cotton,Flowering and Boll Development,Leaf curl virus,Consult local expert,,,,,,,,,,,,,,,,,
Cotton,Flowering and Boll Development,Boll rot,Copper oxychloride (Blitox 50),,,,,,,,,,,,,,,,,
Cotton,Flowering and Boll Development,Bacterial blight,Consult local expert,,,,,,,,,,,,,,,,,
Cotton,Flowering and Boll Development,Bacterial blight,Consult local expert,,,,,,,,,,,,,,,,,
Cotton,Flowering and Boll Development,Anthracnose,Mancozeb (Dithane M-45),,,,,,,,,,,,,,,,,
Cotton,Flowering and Boll Development,Target spot,Consult local expert,,,,,,,,,,,,,,,,,
Cotton,Flowering and Boll Development,Bacterial blight,Consult local expert,,,,,,,,,,,,,,,,,
Cotton,Flowering and Boll Development,Boll rot,Copper oxychloride (Blitox 50),,,,,,,,,,,,,,,,,
Cotton,Flowering and Boll Development,Anthracnose,Mancozeb (Dithane M-45),,,,,,,,,,,,,,,,,
Cotton,Flowering and Boll Development,Gray mildew,Consult local expert,,,,,,,,,,,,,,,,,
Cotton,Flowering and Boll Development,Gray mildew,Consult local expert,,,,,,,,,,,,,,,,,
Cotton,Flowering and Boll Development,Bacterial blight,Consult local expert,,,,,,,,,,,,,,,,,
Cotton,Flowering and Boll Development,Leaf curl virus,Consult local expert,,,,,,,,,,,,,,,,,
Cotton,Flowering and Boll Development,Boll rot,Copper oxychloride (Blitox 50),,,,,,,,,,,,,,,,,
Cotton,Maturation and Boll Opening,Sooty mold,Consult local expert,,,,,,,,,,,,,,,,,
Cotton,Maturation and Boll Opening,Fusarium wilt,Carbendazim (Bavistin),,,,,,,,,,,,,,,,,
Cotton,Maturation and Boll Opening,Anthracnose,Mancozeb (Dithane M-45),,,,,,,,,,,,,,,,,
Cotton,Maturation and Boll Opening,Anthracnose,Mancozeb (Dithane M-45),,,,,,,,,,,,,,,,,
Cotton,Maturation and Boll Opening,Anthracnose,Mancozeb (Dithane M-45),,,,,,,,,,,,,,,,,
Cotton,Maturation and Boll Opening,Fusarium wilt,Carbendazim (Bavistin),,,,,,,,,,,,,,,,,
Cotton,Maturation and Boll Opening,Fusarium wilt,Carbendazim (Bavistin),,,,,,,,,,,,,,,,,
Cotton,Maturation and Boll Opening,Fusarium wilt,Carbendazim (Bavistin),,,,,,,,,,,,,,,,,
Cotton,Maturation and Boll Opening,Alternaria leaf spot,Zineb (Dithane Z-78),,,,,,,,,,,,,,,,,
Cotton,Maturation and Boll Opening,Wilt complex,Consult local expert,,,,,,,,,,,,,,,,,
Cotton,Maturation and Boll Opening,Fusarium wilt,Carbendazim (Bavistin),,,,,,,,,,,,,,,,,
Cotton,Maturation and Boll Opening,Sooty mold,Consult local expert,,,,,,,,,,,,,,,,,
Cotton,Maturation and Boll Opening,Sooty mold,Consult local expert,,,,,,,,,,,,,,,,,
Cotton,Maturation and Boll Opening,Alternaria leaf spot,Zineb (Dithane Z-78),,,,,,,,,,,,,,,,,
Cotton,Maturation and Boll Opening,Wilt complex,Consult local expert,,,,,,,,,,,,,,,,,
Cotton,Maturation and Boll Opening,Boll rot,Copper oxychloride (Blitox 50),,,,,,,,,,,,,,,,,
Cotton,Maturation and Boll Opening,Fusarium wilt,Carbendazim (Bavistin),,,,,,,,,,,,,,,,,
Cotton,Maturation and Boll Opening,Wilt complex,Consult local expert,,,,,,,,,,,,,,,,,
Cotton,Maturation and Boll Opening,Wilt complex,Consult local expert,,,,,,,,,,,,,,,,,
Cotton,Maturation and Boll Opening,Fusarium wilt,Carbendazim (Bavistin),,,,,,,,,,,,,,,,,
Cotton,Maturation and Boll Opening,Wilt complex,Consult local expert,,,,,,,,,,,,,,,,,
Cotton,Maturation and Boll Opening,Fusarium wilt,Carbendazim (Bavistin),,,,,,,,,,,,,,,,,
Cotton,Maturation and Boll Opening,Sooty mold,Consult local expert,,,,,,,,,,,,,,,,,
Cotton,Maturation and Boll Opening,Wilt complex,Consult local expert,,,,,,,,,,,,,,,,,
Cotton,Maturation and Boll Opening,Sooty mold,Consult local expert,,,,,,,,,,,,,,,,,
Cotton,Maturation and Boll Opening,Boll rot,Copper oxychloride (Blitox 50),,,,,,,,,,,,,,,,,
Cotton,Maturation and Boll Opening,Alternaria leaf spot,Zineb (Dithane Z-78),,,,,,,,,,,,,,,,,
Cotton,Maturation and Boll Opening,Gray mold,Consult local expert,,,,,,,,,,,,,,,,,
Cotton,Maturation and Boll Opening,Fusarium wilt,Carbendazim (Bavistin),,,,,,,,,,,,,,,,,
Cotton,Maturation and Boll Opening,Sooty mold,Consult local expert,,,,,,,,,,,,,,,,,
Cotton,Maturation and Boll Opening,Gray mold,Consult local expert,,,,,,,,,,,,,,,,,
Cotton,Maturation and Boll Opening,Sooty mold,Consult local expert,,,,,,,,,,,,,,,,,
Cotton,Maturation and Boll Opening,Alternaria leaf spot,Zineb (Dithane Z-78),,,,,,,,,,,,,,,,,
Cotton,Maturation and Boll Opening,Alternaria leaf spot,Zineb (Dithane Z-78),,,,,,,,,,,,,,,,,
Cotton,Maturation and Boll Opening,Alternaria leaf spot,Zineb (Dithane Z-78),,,,,,,,,,,,,,,,,
Cotton,Maturation and Boll Opening,Sooty mold,Consult local expert,,,,,,,,,,,,,,,,,
Cotton,Maturation and Boll Opening,Alternaria leaf spot,Zineb (Dithane Z-78),,,,,,,,,,,,,,,,,
Cotton,Maturation and Boll Opening,Fusarium wilt,Carbendazim (Bavistin),,,,,,,,,,,,,,,,,
Cotton,Maturation and Boll Opening,Alternaria leaf spot,Zineb (Dithane Z-78),,,,,,,,,,,,,,,,,
Cotton,Maturation and Boll Opening,Alternaria leaf spot,Zineb (Dithane Z-78),,,,,,,,,,,,,,,,,
Cotton,Maturation and Boll Opening,Fusarium wilt,Carbendazim (Bavistin),,,,,,,,,,,,,,,,,
Cotton,Maturation and Boll Opening,Alternaria leaf spot,Zineb (Dithane Z-78),,,,,,,,,,,,,,,,,
Cotton,Maturation and Boll Opening,Wilt complex,Consult local expert,,,,,,,,,,,,,,,,,
Cotton,Maturation and Boll Opening,Wilt complex,Consult local expert,,,,,,,,,,,,,,,,,
Cotton,Maturation and Boll Opening,Wilt complex,Consult local expert,,,,,,,,,,,,,,,,,
Cotton,Maturation and Boll Opening,Alternaria leaf spot,Zineb (Dithane Z-78),,,,,,,,,,,,,,,,,
Cotton,Maturation and Boll Opening,Wilt complex,Consult local expert,,,,,,,,,,,,,,,,,
Cotton,Maturation and Boll Opening,Anthracnose,Mancozeb (Dithane M-45),,,,,,,,,,,,,,,,,
Cotton,Maturation and Boll Opening,Fusarium wilt,Carbendazim (Bavistin),,,,,,,,,,,,,,,,,
Cotton,Maturation and Boll Opening,Alternaria leaf spot,Zineb (Dithane Z-78),,,,,,,,,,,,,,,,,
Cotton,Maturation and Boll Opening,Anthracnose,Mancozeb (Dithane M-45),,,,,,,,,,,,,,,,,
Cotton,Maturation and Boll Opening,Wilt complex,Consult local expert,,,,,,,,,,,,,,,,,
Cotton,Maturation and Boll Opening,Sooty mold,Consult local expert,,,,,,,,,,,,,,,,,
Cotton,Maturation and Boll Opening,Wilt complex,Consult local expert,,,,,,,,,,,,,,,,,
Cotton,Maturation and Boll Opening,Fusarium wilt,Carbendazim (Bavistin),,,,,,,,,,,,,,,,,
Cotton,Maturation and Boll Opening,Gray mold,Consult local expert,,,,,,,,,,,,,,,,,
Cotton,Maturation and Boll Opening,Fusarium wilt,Carbendazim (Bavistin),,,,,,,,,,,,,,,,,
Cotton,Maturation and Boll Opening,Wilt complex,Consult local expert,,,,,,,,,,,,,,,,,
Cotton,Maturation and Boll Opening,Anthracnose,Mancozeb (Dithane M-45),,,,,,,,,,,,,,,,,
Cotton,Maturation and Boll Opening,Wilt complex,Consult local expert,,,,,,,,,,,,,,,,,
Cotton,Maturation and Boll Opening,Boll rot,Copper oxychloride (Blitox 50),,,,,,,,,,,,,,,,,
Cotton,Maturation and Boll Opening,Anthracnose,Mancozeb (Dithane M-45),,,,,,,,,,,,,,,,,
Cotton,Maturation and Boll Opening,Wilt complex,Consult local expert,,,,,,,,,,,,,,,,,
Cotton,Maturation and Boll Opening,Fusarium wilt,Carbendazim (Bavistin),,,,,,,,,,,,,,,,,
Cotton,Maturation and Boll Opening,Anthracnose,Mancozeb (Dithane M-45),,,,,,,,,,,,,,,,,
Cotton,Maturation and Boll Opening,Wilt complex,Consult local expert,,,,,,,,,,,,,,,,,
Cotton,Maturation and Boll Opening,Wilt complex,Consult local expert,,,,,,,,,,,,,,,,,
Cotton,Maturation and Boll Opening,Boll rot,Copper oxychloride (Blitox 50),,,,,,,,,,,,,,,,,
Cotton,Maturation and Boll Opening,Anthracnose,Mancozeb (Dithane M-45),,,,,,,,,,,,,,,,,
Cotton,Maturation and Boll Opening,Sooty mold,Consult local expert,,,,,,,,,,,,,,,,,
Cotton,Maturation and Boll Opening,Boll rot,Copper oxychloride (Blitox 50),,,,,,,,,,,,,,,,,
Cotton,Maturation and Boll Opening,Wilt complex,Consult local expert,,,,,,,,,,,,,,,,,
Cotton,Maturation and Boll Opening,Sooty mold,Consult local expert,,,,,,,,,,,,,,,,,
Cotton,Maturation and Boll Opening,Anthracnose,Mancozeb (Dithane M-45),,,,,,,,,,,,,,,,,
Cotton,Maturation and Boll Opening,Gray mold,Consult local expert,,,,,,,,,,,,,,,,,
Cotton,Maturation and Boll Opening,Anthracnose,Mancozeb (Dithane M-45),,,,,,,,,,,,,,,,,
Cotton,Maturation and Boll Opening,Boll rot,Copper oxychloride (Blitox 50),,,,,,,,,,,,,,,,,
Cotton,Maturation and Boll Opening,Anthracnose,Mancozeb (Dithane M-45),,,,,,,,,,,,,,,,,
Cotton,Maturation and Boll Opening,Alternaria leaf spot,Zineb (Dithane Z-78),,,,,,,,,,,,,,,,,
Cotton,Maturation and Boll Opening ,Sooty mold,Consult local expert,,,,,,,,,,,,,,,,,
Cotton,Maturation and Boll Opening,Gray mold,Consult local expert,,,,,,,,,,,,,,,,,
Cotton,Maturation and Boll Opening,Boll rot,Copper oxychloride (Blitox 50),,,,,,,,,,,,,,,,,
Cotton,Maturation and Boll Opening,Boll rot,Copper oxychloride (Blitox 50),,,,,,,,,,,,,,,,,
Cotton,Maturation and Boll Opening,Wilt complex,Consult local expert,,,,,,,,,,,,,,,,,
Cotton,Maturation and Boll Opening,Sooty mold,Consult local expert,,,,,,,,,,,,,,,,,
Cotton,Maturation and Boll Opening,Sooty mold,Consult local expert,,,,,,,,,,,,,,,,,
Cotton,Maturation and Boll Opening,Alternaria leaf spot,Zineb (Dithane Z-78),,,,,,,,,,,,,,,,,
Cotton,Maturation and Boll Opening,Anthracnose,Mancozeb (Dithane M-45),,,,,,,,,,,,,,,,,
Cotton,Maturation and Boll Opening,Fusarium wilt,Carbendazim (Bavistin),,,,,,,,,,,,,,,,,
Cotton,Maturation and Boll Opening,Wilt complex,Consult local expert,,,,,,,,,,,,,,,,,
Cotton,Maturation and Boll Opening,Sooty mold,Consult local expert,,,,,,,,,,,,,,,,,
Cotton,Maturation and Boll Opening,Boll rot,Copper oxychloride (Blitox 50),,,,,,,,,,,,,,,,,
Cotton,Maturation and Boll Opening,Wilt complex,Consult local expert,,,,,,,,,,,,,,,,,
Cotton,Maturation and Boll Opening,Gray mold,Consult local expert,,,,,,,,,,,,,,,,,
Cotton,Maturation and Boll Opening,Wilt complex,Consult local expert,,,,,,,,,,,,,,,,,
Cotton,Maturation and Boll Opening,Anthracnose,Mancozeb (Dithane M-45),,,,,,,,,,,,,,,,,
Cotton,Maturation and Boll Opening,Alternaria leaf spot,Zineb (Dithane Z-78),,,,,,,,,,,,,,,,,
Cotton,Maturation and Boll Opening,Fusarium wilt,Carbendazim (Bavistin),,,,,,,,,,,,,,,,,
Cotton,Maturation and Boll Opening,Fusarium wilt,Carbendazim (Bavistin),,,,,,,,,,,,,,,,,
Cotton,Maturation and Boll Opening,Fusarium wilt,Carbendazim (Bavistin),,,,,,,,,,,,,,,,,
Cotton,Maturation and Boll Opening,Wilt complex,Consult local expert,,,,,,,,,,,,,,,,,
Cotton,Maturation and Boll Opening,Alternaria leaf spot,Zineb (Dithane Z-78),,,,,,,,,,,,,,,,,
Cotton,Maturation and Boll Opening,Alternaria leaf spot,Zineb (Dithane Z-78),,,,,,,,,,,,,,,,,
Cotton,Maturation and Boll Opening,Boll rot,Copper oxychloride (Blitox 50),,,,,,,,,,,,,,,,,
Cotton,Maturation and Boll Opening,Anthracnose,Mancozeb (Dithane M-45),,,,,,,,,,,,,,,,,
Cotton,Maturation and Boll Opening,Gray mold,Consult local expert,,,,,,,,,,,,,,,,,
Cotton,Maturation and Boll Opening,Gray mold,Consult local expert,,,,,,,,,,,,,,,,,
Cotton,Maturation and Boll Opening,Anthracnose,Mancozeb (Dithane M-45),,,,,,,,,,,,,,,,,
Cotton,Maturation and Boll Opening,Alternaria leaf spot,Zineb (Dithane Z-78),,,,,,,,,,,,,,,,,
Cotton,Maturation and Boll Opening,Boll rot,Copper oxychloride (Blitox 50),,,,,,,,,,,,,,,,,
Cotton,Maturation and Boll Opening,Fusarium wilt,Carbendazim (Bavistin),,,,,,,,,,,,,,,,,
Cotton,Maturation and Boll Opening,Alternaria leaf spot,Zineb (Dithane Z-78),,,,,,,,,,,,,,,,,
Cotton,Maturation and Boll Opening,Alternaria leaf spot,Zineb (Dithane Z-78),,,,,,,,,,,,,,,,,
Cotton,Maturation and Boll Opening,Boll rot,Copper oxychloride (Blitox 50),,,,,,,,,,,,,,,,,
Cotton,Maturation and Boll Opening,Gray mold,Consult local expert,,,,,,,,,,,,,,,,,
Cotton,Maturation and Boll Opening,Gray mold,Consult local expert,,,,,,,,,,,,,,,,,
Cotton,Maturation and Boll Opening,Wilt complex,Consult local expert,,,,,,,,,,,,,,,,,
Cotton,Maturation and Boll Opening,Fusarium wilt,Carbendazim (Bavistin),,,,,,,,,,,,,,,,,
Cotton,Maturation and Boll Opening,Anthracnose,Mancozeb (Dithane M-45),,,,,,,,,,,,,,,,,
Cotton,Maturation and Boll Opening,Anthracnose,Mancozeb (Dithane M-45),,,,,,,,,,,,,,,,,
Cotton,Maturation and Boll Opening,Gray mold,Consult local expert,,,,,,,,,,,,,,,,,
Cotton,Maturation and Boll Opening,Boll rot,Copper oxychloride (Blitox 50),,,,,,,,,,,,,,,,,
Cotton,Maturation and Boll Opening,Sooty mold,Consult local expert,,,,,,,,,,,,,,,,,
Cotton,Maturation and Boll Opening,Anthracnose,Mancozeb (Dithane M-45),,,,,,,,,,,,,,,,,
Cotton,Maturation and Boll Opening,Sooty mold,Consult local expert,,,,,,,,,,,,,,,,,
Cotton,Maturation and Boll Opening,Anthracnose,Mancozeb (Dithane M-45),,,,,,,,,,,,,,,,,
Cotton,Maturation and Boll Opening,Wilt complex,Consult local expert,,,,,,,,,,,,,,,,,
Cotton,Maturation and Boll Opening,Boll rot,Copper oxychloride (Blitox 50),,,,,,,,,,,,,,,,,
Cotton,Maturation and Boll Opening,Alternaria leaf spot,Zineb (Dithane Z-78),,,,,,,,,,,,,,,,,
Cotton,Maturation and Boll Opening,Anthracnose,Mancozeb (Dithane M-45),,,,,,,,,,,,,,,,,
Cotton,Maturation and Boll Opening,Sooty mold,Consult local expert,,,,,,,,,,,,,,,,,
Cotton,Maturation and Boll Opening,Fusarium wilt,Carbendazim (Bavistin),,,,,,,,,,,,,,,,,
Cotton,Maturation and Boll Opening,Fusarium wilt,Carbendazim (Bavistin),,,,,,,,,,,,,,,,,
Cotton,Maturation and Boll Opening,Gray mold,Consult local expert,,,,,,,,,,,,,,,,,
Cotton,Maturation and Boll Opening,Alternaria leaf spot,Zineb (Dithane Z-78),,,,,,,,,,,,,,,,,
Cotton,Maturation and Boll Opening,Sooty mold,Consult local expert,,,,,,,,,,,,,,,,,
Cotton,Maturation and Boll Opening,Gray mold,Consult local expert,,,,,,,,,,,,,,,,,
Cotton,Maturation and Boll Opening,Alternaria leaf spot,Zineb (Dithane Z-78),,,,,,,,,,,,,,,,,
Cotton,Maturation and Boll Opening,Boll rot,Copper oxychloride (Blitox 50),,,,,,,,,,,,,,,,,
Cotton,Maturation and Boll Opening,Alternaria leaf spot,Zineb (Dithane Z-78),,,,,,,,,,,,,,,,,
Cotton,Maturation and Boll Opening,Gray mold,Consult local expert,,,,,,,,,,,,,,,,,
Cotton,Maturation and Boll Opening,Wilt complex,Consult local expert,,,,,,,,,,,,,,,,,
Cotton,Maturation and Boll Opening,Wilt complex,Consult local expert,,,,,,,,,,,,,,,,,
Cotton,Maturation and Boll Opening,Fusarium wilt,Carbendazim (Bavistin),,,,,,,,,,,,,,,,,
Cotton,Maturation and Boll Opening,Wilt complex,Consult local expert,,,,,,,,,,,,,,,,,
Cotton,Maturation and Boll Opening,Sooty mold,Consult local expert,,,,,,,,,,,,,,,,,
Cotton,Maturation and Boll Opening,Alternaria leaf spot,Zineb (Dithane Z-78),,,,,,,,,,,,,,,,,
Cotton,Maturation and Boll Opening,Anthracnose,Mancozeb (Dithane M-45),,,,,,,,,,,,,,,,,
Cotton,Maturation and Boll Opening,Alternaria leaf spot,Zineb (Dithane Z-78),,,,,,,,,,,,,,,,,
Cotton,Maturation and Boll Opening,Boll rot,Copper oxychloride (Blitox 50),,,,,,,,,,,,,,,,,
Cotton,Maturation and Boll Opening,Boll rot,Copper oxychloride (Blitox 50),,,,,,,,,,,,,,,,,
Cotton,Maturation and Boll Opening,Gray mold,Consult local expert,,,,,,,,,,,,,,,,,
Cotton,Maturation and Boll Opening,Sooty mold,Consult local expert,,,,,,,,,,,,,,,,,
Cotton,Maturation and Boll Opening,Boll rot,Copper oxychloride (Blitox 50),,,,,,,,,,,,,,,,,
Cotton,Maturation and Boll Opening,Anthracnose,Mancozeb (Dithane M-45),,,,,,,,,,,,,,,,,
Cotton,Maturation and Boll Opening,Fusarium wilt,Carbendazim (Bavistin),,,,,,,,,,,,,,,,,
Cotton,Maturation and Boll Opening,Alternaria leaf spot,Zineb (Dithane Z-78),,,,,,,,,,,,,,,,,
Cotton,Maturation and Boll Opening,Sooty mold,Consult local expert,,,,,,,,,,,,,,,,,
Cotton,Maturation and Boll Opening,Alternaria leaf spot,Zineb (Dithane Z-78),,,,,,,,,,,,,,,,,
Cotton,Maturation and Boll Opening,Wilt complex,Consult local expert,,,,,,,,,,,,,,,,,
Cotton,Maturation and Boll Opening,Sooty mold,Consult local expert,,,,,,,,,,,,,,,,,
Cotton,Maturation and Boll Opening,Fusarium wilt,Carbendazim (Bavistin),,,,,,,,,,,,,,,,,
Cotton,Maturation and Boll Opening,Wilt complex,Consult local expert,,,,,,,,,,,,,,,,,
Cotton,Maturation and Boll Opening,Wilt complex,Consult local expert,,,,,,,,,,,,,,,,,
Cotton,Maturation and Boll Opening,Alternaria leaf spot,Zineb (Dithane Z-78),,,,,,,,,,,,,,,,,
Cotton,Maturation and Boll Opening,Sooty mold,Consult local expert,,,,,,,,,,,,,,,,,
Cotton,Maturation and Boll Opening,Alternaria leaf spot,Zineb (Dithane Z-78),,,,,,,,,,,,,,,,,
Cotton,Maturation and Boll Opening,Fusarium wilt,Carbendazim (Bavistin),,,,,,,,,,,,,,,,,
Cotton,Maturation and Boll Opening,Alternaria leaf spot,Zineb (Dithane Z-78),,,,,,,,,,,,,,,,,
Cotton,Maturation and Boll Opening,Boll rot,Copper oxychloride (Blitox 50),,,,,,,,,,,,,,,,,
Cotton,Maturation and Boll Opening,Fusarium wilt,Carbendazim (Bavistin),,,,,,,,,,,,,,,,,
Cotton,Maturation and Boll Opening,Boll rot,Copper oxychloride (Blitox 50),,,,,,,,,,,,,,,,,
Cotton,Maturation and Boll Opening,Wilt complex,Consult local expert,,,,,,,,,,,,,,,,,
Cotton,Maturation and Boll Opening,Boll rot,Copper oxychloride (Blitox 50),,,,,,,,,,,,,,,,,
Cotton,Maturation and Boll Opening,Wilt complex,Consult local expert,,,,,,,,,,,,,,,,,
Cotton,Maturation and Boll Opening,Fusarium wilt,Carbendazim (Bavistin),,,,,,,,,,,,,,,,,
Cotton,Maturation and Boll Opening,Anthracnose,Mancozeb (Dithane M-45),,,,,,,,,,,,,,,,,
Cotton,Maturation and Boll Opening,Boll rot,Copper oxychloride (Blitox 50),,,,,,,,,,,,,,,,,
Cotton,Maturation and Boll Opening,Alternaria leaf spot,Zineb (Dithane Z-78),,,,,,,,,,,,,,,,,
Cotton,Maturation and Boll Opening,Alternaria leaf spot,Zineb (Dithane Z-78),,,,,,,,,,,,,,,,,
Cotton,Maturation and Boll Opening,Anthracnose,Mancozeb (Dithane M-45),,,,,,,,,,,,,,,,,
Cotton,Maturation and Boll Opening,Boll rot,Copper oxychloride (Blitox 50),,,,,,,,,,,,,,,,,
Cotton,Maturation and Boll Opening,Anthracnose,Mancozeb (Dithane M-45),,,,,,,,,,,,,,,,,
Cotton,Maturation and Boll Opening,Boll rot,Copper oxychloride (Blitox 50),,,,,,,,,,,,,,,,,
Cotton,Maturation and Boll Opening,Anthracnose,Mancozeb (Dithane M-45),,,,,,,,,,,,,,,,,
Cotton,Maturation and Boll Opening,Gray mold,Consult local expert,,,,,,,,,,,,,,,,,
Cotton,Maturation and Boll Opening,Boll rot,Copper oxychloride (Blitox 50),,,,,,,,,,,,,,,,,
Cotton,Maturation and Boll Opening,Boll rot,Copper oxychloride (Blitox 50),,,,,,,,,,,,,,,,,
Cotton,Maturation and Boll Opening,Sooty mold,Consult local expert,,,,,,,,,,,,,,,,,
Cotton,Maturation and Boll Opening,Boll rot,Copper oxychloride (Blitox 50),,,,,,,,,,,,,,,,,
Cotton,Maturation and Boll Opening,Alternaria leaf spot,Zineb (Dithane Z-78),,,,,,,,,,,,,,,,,
Cotton,Maturation and Boll Opening,Fusarium wilt,Carbendazim (Bavistin),,,,,,,,,,,,,,,,,
Cotton,Maturation and Boll Opening,Alternaria leaf spot,Zineb (Dithane Z-78),,,,,,,,,,,,,,,,,
Cotton,Maturation and Boll Opening,Boll rot,Copper oxychloride (Blitox 50),,,,,,,,,,,,,,,,,
Cotton,Maturation and Boll Opening,Wilt complex,Consult local expert,,,,,,,,,,,,,,,,,
Cotton,Maturation and Boll Opening,Boll rot,Copper oxychloride (Blitox 50),,,,,,,,,,,,,,,,,
Cotton,Maturation and Boll Opening,Alternaria leaf spot,Zineb (Dithane Z-78),,,,,,,,,,,,,,,,,
Cotton,Maturation and Boll Opening,Fusarium wilt,Carbendazim (Bavistin),,,,,,,,,,,,,,,,,
Cotton,Maturation and Boll Opening,Gray mold,Consult local expert,,,,,,,,,,,,,,,,,
Cotton,Maturation and Boll Opening,Alternaria leaf spot,Zineb (Dithane Z-78),,,,,,,,,,,,,,,,,
